igr,municipio,situacao,fonte_referencia,observacao_igr
Alto Uruguai Catarinense,Alto Bela Vista,IGR/região turística,Lista fornecida pelo usuário,Lista fornecida pelo usuário e preservada conforme solicitado.
Alto Uruguai Catarinense,Concórdia,IGR/região turística,Lista fornecida pelo usuário,Lista fornecida pelo usuário e preservada conforme solicitado.
Alto Uruguai Catarinense,Ipira,IGR/região turística,Lista fornecida pelo usuário,Lista fornecida pelo usuário e preservada conforme solicitado.
Alto Uruguai Catarinense,Irani,IGR/região turística,Lista fornecida pelo usuário,Lista fornecida pelo usuário e preservada conforme solicitado.
Alto Uruguai Catarinense,Itá ,IGR/região turística,Lista fornecida pelo usuário,Lista fornecida pelo usuário e preservada conforme solicitado.
Alto Uruguai Catarinense,Jaborá ,IGR/região turística,Lista fornecida pelo usuário,Lista fornecida pelo usuário e preservada conforme solicitado.
Alto Uruguai Catarinense,Peritiba,IGR/região turística,Lista fornecida pelo usuário,Lista fornecida pelo usuário e preservada conforme solicitado.
Alto Uruguai Catarinense,Piratuba,IGR/região turística,Lista fornecida pelo usuário,Lista fornecida pelo usuário e preservada conforme solicitado.
Alto Uruguai Catarinense,Presidente Castello Branco,IGR/região turística,Lista fornecida pelo usuário,Lista fornecida pelo usuário e preservada conforme solicitado.
Alto Uruguai Catarinense,Seara,IGR/região turística,Lista fornecida pelo usuário,Lista fornecida pelo usuário e preservada conforme solicitado.
Alto Uruguai Catarinense,Xavantina,IGR/região turística,Lista fornecida pelo usuário,Lista fornecida pelo usuário e preservada conforme solicitado.
Caminho dos Cânions,Araranguá,IGR/região turística,Lista fornecida pelo usuário,Lista fornecida pelo usuário e preservada conforme solicitado.
Caminho dos Cânions,Balneário Arroio do Silva,IGR/região turística,Lista fornecida pelo usuário,Lista fornecida pelo usuário e preservada conforme solicitado.
Caminho dos Cânions,Balneário Gaivota,IGR/região turística,Lista fornecida pelo usuário,Lista fornecida pelo usuário e preservada conforme solicitado.
Caminho dos Cânions,Ermo,IGR/região turística,Lista fornecida pelo usuário,Lista fornecida pelo usuário e preservada conforme solicitado.
Caminho dos Cânions,Jacinto Machado,IGR/região turística,Lista fornecida pelo usuário,Lista fornecida pelo usuário e preservada conforme solicitado.
Caminho dos Canyons,Maracajá,IGR/região turística,Lista fornecida pelo usuário,Lista fornecida pelo usuário e preservada conforme solicitado.
Caminho dos Cânions,Meleiro,IGR/região turística,Lista fornecida pelo usuário,Lista fornecida pelo usuário e preservada conforme solicitado.
Caminho dos Cânions,Morro Grande,IGR/região turística,Lista fornecida pelo usuário,Lista fornecida pelo usuário e preservada conforme solicitado.
Caminho dos Cânions,Passo de Torres,IGR/região turística,Lista fornecida pelo usuário,Lista fornecida pelo usuário e preservada conforme solicitado.
Caminho dos Cânions,Praia Grande,IGR/região turística,Lista fornecida pelo usuário,Lista fornecida pelo usuário e preservada conforme solicitado.
Caminho dos Cânions,Santa Rosa do Sul,IGR/região turística,Lista fornecida pelo usuário,Lista fornecida pelo usuário e preservada conforme solicitado.
Caminho dos Cânions,São João do Sul,IGR/região turística,Lista fornecida pelo usuário,Lista fornecida pelo usuário e preservada conforme solicitado.
Caminho dos Cânions,Sombrio,IGR/região turística,Lista fornecida pelo usuário,Lista fornecida pelo usuário e preservada conforme solicitado.
Caminho dos Cânions,Timbé do Sul,IGR/região turística,Lista fornecida pelo usuário,Lista fornecida pelo usuário e preservada conforme solicitado.
Caminho dos Cânions,Turvo,IGR/região turística,Lista fornecida pelo usuário,Lista fornecida pelo usuário e preservada conforme solicitado.
Caminho dos Príncipes,Araquari,IGR/região turística,Lista fornecida pelo usuário,Lista fornecida pelo usuário e preservada conforme solicitado.
Caminho dos Príncipes,Balneário Barra do Sul,IGR/região turística,Lista fornecida pelo usuário,Lista fornecida pelo usuário e preservada conforme solicitado.
Caminho dos Príncipes,Campo Alegre,IGR/região turística,Lista fornecida pelo usuário,Lista fornecida pelo usuário e preservada conforme solicitado.
Caminho dos Príncipes,Garuva,IGR/região turística,Lista fornecida pelo usuário,Lista fornecida pelo usuário e preservada conforme solicitado.
Caminho dos Príncipes,Itapoá ,IGR/região turística,Lista fornecida pelo usuário,Lista fornecida pelo usuário e preservada conforme solicitado.
Caminho dos Príncipes,Joinville,IGR/região turística,Lista fornecida pelo usuário,Lista fornecida pelo usuário e preservada conforme solicitado.
Caminho dos Príncipes,Rio Negrinho,IGR/região turística,Lista fornecida pelo usuário,Lista fornecida pelo usuário e preservada conforme solicitado.
Caminho dos Príncipes,São Bento do Sul,IGR/região turística,Lista fornecida pelo usuário,Lista fornecida pelo usuário e preservada conforme solicitado.
Caminho dos Príncipes,São Francisco do Sul,IGR/região turística,Lista fornecida pelo usuário,Lista fornecida pelo usuário e preservada conforme solicitado.
Caminhos da Fronteira,Anchieta,IGR/região turística,Lista fornecida pelo usuário,Lista fornecida pelo usuário e preservada conforme solicitado.
Caminhos da Fronteira,Bandeirante,IGR/região turística,Lista fornecida pelo usuário,Lista fornecida pelo usuário e preservada conforme solicitado.
Caminhos da Fronteira,Barra Bonita,IGR/região turística,Lista fornecida pelo usuário,Lista fornecida pelo usuário e preservada conforme solicitado.
Caminhos da Fronteira,Belmonte,IGR/região turística,Lista fornecida pelo usuário,Lista fornecida pelo usuário e preservada conforme solicitado.
Caminhos da Fronteira,Descanso,IGR/região turística,Lista fornecida pelo usuário,Lista fornecida pelo usuário e preservada conforme solicitado.
Caminhos da Fronteira,Dionísio Cerqueira,IGR/região turística,Lista fornecida pelo usuário,Lista fornecida pelo usuário e preservada conforme solicitado.
Caminhos da Fronteira,Guaraciaba,IGR/região turística,Lista fornecida pelo usuário,Lista fornecida pelo usuário e preservada conforme solicitado.
Caminhos da Fronteira,Guarujá do Sul,IGR/região turística,Lista fornecida pelo usuário,Lista fornecida pelo usuário e preservada conforme solicitado.
Caminhos da Fronteira,Iporã do Oeste,IGR/região turística,Lista fornecida pelo usuário,Lista fornecida pelo usuário e preservada conforme solicitado.
Caminhos da Fronteira,Itapiranga,IGR/região turística,Lista fornecida pelo usuário,Lista fornecida pelo usuário e preservada conforme solicitado.
Caminhos da Fronteira,Mondaí,IGR/região turística,Lista fornecida pelo usuário,Lista fornecida pelo usuário e preservada conforme solicitado.
Caminhos da Fronteira,Palma Sola,IGR/região turística,Lista fornecida pelo usuário,Lista fornecida pelo usuário e preservada conforme solicitado.
Caminhos da Fronteira,Paraíso,IGR/região turística,Lista fornecida pelo usuário,Lista fornecida pelo usuário e preservada conforme solicitado.
Caminhos da Fronteira,Princesa,IGR/região turística,Lista fornecida pelo usuário,Lista fornecida pelo usuário e preservada conforme solicitado.
Caminhos da Fronteira,Santa Helena,IGR/região turística,Lista fornecida pelo usuário,Lista fornecida pelo usuário e preservada conforme solicitado.
Caminhos da Fronteira,São João do Oeste,IGR/região turística,Lista fornecida pelo usuário,Lista fornecida pelo usuário e preservada conforme solicitado.
Caminhos da Fronteira,São José do Cedro,IGR/região turística,Lista fornecida pelo usuário,Lista fornecida pelo usuário e preservada conforme solicitado.
Caminhos da Fronteira,São Miguel do Oeste,IGR/região turística,Lista fornecida pelo usuário,Lista fornecida pelo usuário e preservada conforme solicitado.
Caminhos da Fronteira,Tunápolis,IGR/região turística,Lista fornecida pelo usuário,Lista fornecida pelo usuário e preservada conforme solicitado.
Caminhos do Alto Vale,Agrolândia,IGR/região turística,Lista fornecida pelo usuário,Lista fornecida pelo usuário e preservada conforme solicitado.
Caminhos do Alto Vale,Agronômica,IGR/região turística,Lista fornecida pelo usuário,Lista fornecida pelo usuário e preservada conforme solicitado.
Caminhos do Alto Vale,Atalanta,IGR/região turística,Lista fornecida pelo usuário,Lista fornecida pelo usuário e preservada conforme solicitado.
Caminhos do Alto Vale,Aurora,IGR/região turística,Lista fornecida pelo usuário,Lista fornecida pelo usuário e preservada conforme solicitado.
Caminhos do Alto Vale,Braço do Trombudo,IGR/região turística,Lista fornecida pelo usuário,Lista fornecida pelo usuário e preservada conforme solicitado.
Caminhos do Alto Vale,Chapadão do Lageado,IGR/região turística,Lista fornecida pelo usuário,Lista fornecida pelo usuário e preservada conforme solicitado.
Caminhos do Alto Vale,Dona Emma,IGR/região turística,Lista fornecida pelo usuário,Lista fornecida pelo usuário e preservada conforme solicitado.
Caminhos do Alto Vale,Ibirama,IGR/região turística,Lista fornecida pelo usuário,Lista fornecida pelo usuário e preservada conforme solicitado.
Caminhos do Alto Vale,Imbuia,IGR/região turística,Lista fornecida pelo usuário,Lista fornecida pelo usuário e preservada conforme solicitado.
Caminhos do Alto Vale,Ituporanga,IGR/região turística,Lista fornecida pelo usuário,Lista fornecida pelo usuário e preservada conforme solicitado.
Caminhos do Alto Vale,José Boiteux,IGR/região turística,Lista fornecida pelo usuário,Lista fornecida pelo usuário e preservada conforme solicitado.
Caminhos do Alto Vale,Laurentino,IGR/região turística,Lista fornecida pelo usuário,Lista fornecida pelo usuário e preservada conforme solicitado.
Caminhos do Alto Vale,Leoberto Leal,IGR/região turística,Lista fornecida pelo usuário,Lista fornecida pelo usuário e preservada conforme solicitado.
Caminhos do Alto Vale,Lontras,IGR/região turística,Lista fornecida pelo usuário,Lista fornecida pelo usuário e preservada conforme solicitado.
Caminhos do Alto Vale,Mirim Doce,IGR/região turística,Lista fornecida pelo usuário,Lista fornecida pelo usuário e preservada conforme solicitado.
Caminhos do Alto Vale,Petrolândia,IGR/região turística,Lista fornecida pelo usuário,Lista fornecida pelo usuário e preservada conforme solicitado.
Caminhos do Alto Vale,Pouso Redondo,IGR/região turística,Lista fornecida pelo usuário,Lista fornecida pelo usuário e preservada conforme solicitado.
Caminhos do Alto Vale,Presidente Getúlio,IGR/região turística,Lista fornecida pelo usuário,Lista fornecida pelo usuário e preservada conforme solicitado.
Caminhos do Alto Vale,Presidente Nereu,IGR/região turística,Lista fornecida pelo usuário,Lista fornecida pelo usuário e preservada conforme solicitado.
Caminhos do Alto Vale,Rio do Campo,IGR/região turística,Lista fornecida pelo usuário,Lista fornecida pelo usuário e preservada conforme solicitado.
Caminhos do Alto Vale,Rio do Oeste,IGR/região turística,Lista fornecida pelo usuário,Lista fornecida pelo usuário e preservada conforme solicitado.
Caminhos do Alto Vale,Rio do Sul,IGR/região turística,Lista fornecida pelo usuário,Lista fornecida pelo usuário e preservada conforme solicitado.
Caminhos do Alto Vale,Salete,IGR/região turística,Lista fornecida pelo usuário,Lista fornecida pelo usuário e preservada conforme solicitado.
Caminhos do Alto Vale,Santa Terezinha,IGR/região turística,Lista fornecida pelo usuário,Lista fornecida pelo usuário e preservada conforme solicitado.
Caminhos do Alto Vale,Taió,IGR/região turística,Lista fornecida pelo usuário,Lista fornecida pelo usuário e preservada conforme solicitado.
Caminhos do Alto Vale,Trombudo Central,IGR/região turística,Lista fornecida pelo usuário,Lista fornecida pelo usuário e preservada conforme solicitado.
Caminhos do Alto Vale,Vidal Ramos,IGR/região turística,Lista fornecida pelo usuário,Lista fornecida pelo usuário e preservada conforme solicitado.
Caminhos do Alto Vale,Vitor Meireles,IGR/região turística,Lista fornecida pelo usuário,Lista fornecida pelo usuário e preservada conforme solicitado.
Caminhos do Alto Vale,Witmarsum,IGR/região turística,Lista fornecida pelo usuário,Lista fornecida pelo usuário e preservada conforme solicitado.
Caminhos do Contestado,Bela Vista do Toldo,IGR/região turística,https://www.facebook.com/caminhoscontestado/; https://www.jmais.com.br/igr-caminhos-do-contestado-define-acoes-para-fortalecer-turismo-ate-2026/; https://amplanorte.org.br/noticia-588461/,Composição atual adotada: 14 municípios; listas legais/históricas de 13 omitem Caçador.
Caminhos do Contestado,Caçador,IGR/região turística,https://www.facebook.com/caminhoscontestado/; https://www.jmais.com.br/igr-caminhos-do-contestado-define-acoes-para-fortalecer-turismo-ate-2026/; https://amplanorte.org.br/noticia-588461/,Composição atual adotada: 14 municípios; listas legais/históricas de 13 omitem Caçador.
Caminhos do Contestado,Calmon,IGR/região turística,https://www.facebook.com/caminhoscontestado/; https://www.jmais.com.br/igr-caminhos-do-contestado-define-acoes-para-fortalecer-turismo-ate-2026/; https://amplanorte.org.br/noticia-588461/,Composição atual adotada: 14 municípios; listas legais/históricas de 13 omitem Caçador.
Caminhos do Contestado,Canoinhas,IGR/região turística,https://www.facebook.com/caminhoscontestado/; https://www.jmais.com.br/igr-caminhos-do-contestado-define-acoes-para-fortalecer-turismo-ate-2026/; https://amplanorte.org.br/noticia-588461/,Composição atual adotada: 14 municípios; listas legais/históricas de 13 omitem Caçador.
Caminhos do Contestado,Irineópolis,IGR/região turística,https://www.facebook.com/caminhoscontestado/; https://www.jmais.com.br/igr-caminhos-do-contestado-define-acoes-para-fortalecer-turismo-ate-2026/; https://amplanorte.org.br/noticia-588461/,Composição atual adotada: 14 municípios; listas legais/históricas de 13 omitem Caçador.
Caminhos do Contestado,Itaiópolis,IGR/região turística,https://www.facebook.com/caminhoscontestado/; https://www.jmais.com.br/igr-caminhos-do-contestado-define-acoes-para-fortalecer-turismo-ate-2026/; https://amplanorte.org.br/noticia-588461/,Composição atual adotada: 14 municípios; listas legais/históricas de 13 omitem Caçador.
Caminhos do Contestado,Mafra,IGR/região turística,https://www.facebook.com/caminhoscontestado/; https://www.jmais.com.br/igr-caminhos-do-contestado-define-acoes-para-fortalecer-turismo-ate-2026/; https://amplanorte.org.br/noticia-588461/,Composição atual adotada: 14 municípios; listas legais/históricas de 13 omitem Caçador.
Caminhos do Contestado,Major Vieira,IGR/região turística,https://www.facebook.com/caminhoscontestado/; https://www.jmais.com.br/igr-caminhos-do-contestado-define-acoes-para-fortalecer-turismo-ate-2026/; https://amplanorte.org.br/noticia-588461/,Composição atual adotada: 14 municípios; listas legais/históricas de 13 omitem Caçador.
Caminhos do Contestado,Matos Costa,IGR/região turística,https://www.facebook.com/caminhoscontestado/; https://www.jmais.com.br/igr-caminhos-do-contestado-define-acoes-para-fortalecer-turismo-ate-2026/; https://amplanorte.org.br/noticia-588461/,Composição atual adotada: 14 municípios; listas legais/históricas de 13 omitem Caçador.
Caminhos do Contestado,Monte Castelo,IGR/região turística,https://www.facebook.com/caminhoscontestado/; https://www.jmais.com.br/igr-caminhos-do-contestado-define-acoes-para-fortalecer-turismo-ate-2026/; https://amplanorte.org.br/noticia-588461/,Composição atual adotada: 14 municípios; listas legais/históricas de 13 omitem Caçador.
Caminhos do Contestado,Papanduva,IGR/região turística,https://www.facebook.com/caminhoscontestado/; https://www.jmais.com.br/igr-caminhos-do-contestado-define-acoes-para-fortalecer-turismo-ate-2026/; https://amplanorte.org.br/noticia-588461/,Composição atual adotada: 14 municípios; listas legais/históricas de 13 omitem Caçador.
Caminhos do Contestado,Porto União,IGR/região turística,https://www.facebook.com/caminhoscontestado/; https://www.jmais.com.br/igr-caminhos-do-contestado-define-acoes-para-fortalecer-turismo-ate-2026/; https://amplanorte.org.br/noticia-588461/,Composição atual adotada: 14 municípios; listas legais/históricas de 13 omitem Caçador.
Caminhos do Contestado,Timbó Grande,IGR/região turística,https://www.facebook.com/caminhoscontestado/; https://www.jmais.com.br/igr-caminhos-do-contestado-define-acoes-para-fortalecer-turismo-ate-2026/; https://amplanorte.org.br/noticia-588461/,Composição atual adotada: 14 municípios; listas legais/históricas de 13 omitem Caçador.
Caminhos do Contestado,Três Barras,IGR/região turística,https://www.facebook.com/caminhoscontestado/; https://www.jmais.com.br/igr-caminhos-do-contestado-define-acoes-para-fortalecer-turismo-ate-2026/; https://amplanorte.org.br/noticia-588461/,Composição atual adotada: 14 municípios; listas legais/históricas de 13 omitem Caçador.
Costa Verde & Mar,Balneário Camboriú,IGR/região turística,https://citmar.sc.gov.br/municipios-consorciados/; https://citmar.sc.gov.br/nova-diretoria-do-colegiado-de-turismo-busca-ampliar-a-divulgacao-da-costa-verde-mar-e-atrair-mais-visitantes/; https://bombinhas.sc.gov.br/costa-verde-mar-destinos-catarinenses-unidos-para-atrair-turistas-europeus-no-meeting-brasil/,Composição institucional atual adotada: 10; registros históricos listam 11 ou 12.
Costa Verde & Mar,Balneário Piçaras,IGR/região turística,https://citmar.sc.gov.br/municipios-consorciados/; https://citmar.sc.gov.br/nova-diretoria-do-colegiado-de-turismo-busca-ampliar-a-divulgacao-da-costa-verde-mar-e-atrair-mais-visitantes/; https://bombinhas.sc.gov.br/costa-verde-mar-destinos-catarinenses-unidos-para-atrair-turistas-europeus-no-meeting-brasil/,Composição institucional atual adotada: 10; registros históricos listam 11 ou 12.
Costa Verde & Mar,Bombinhas,IGR/região turística,https://citmar.sc.gov.br/municipios-consorciados/; https://citmar.sc.gov.br/nova-diretoria-do-colegiado-de-turismo-busca-ampliar-a-divulgacao-da-costa-verde-mar-e-atrair-mais-visitantes/; https://bombinhas.sc.gov.br/costa-verde-mar-destinos-catarinenses-unidos-para-atrair-turistas-europeus-no-meeting-brasil/,Composição institucional atual adotada: 10; registros históricos listam 11 ou 12.
Costa Verde & Mar,Camboriú,IGR/região turística,https://citmar.sc.gov.br/municipios-consorciados/; https://citmar.sc.gov.br/nova-diretoria-do-colegiado-de-turismo-busca-ampliar-a-divulgacao-da-costa-verde-mar-e-atrair-mais-visitantes/; https://bombinhas.sc.gov.br/costa-verde-mar-destinos-catarinenses-unidos-para-atrair-turistas-europeus-no-meeting-brasil/,Composição institucional atual adotada: 10; registros históricos listam 11 ou 12.
Costa Verde & Mar,Ilhota,IGR/região turística,https://citmar.sc.gov.br/municipios-consorciados/; https://citmar.sc.gov.br/nova-diretoria-do-colegiado-de-turismo-busca-ampliar-a-divulgacao-da-costa-verde-mar-e-atrair-mais-visitantes/; https://bombinhas.sc.gov.br/costa-verde-mar-destinos-catarinenses-unidos-para-atrair-turistas-europeus-no-meeting-brasil/,Composição institucional atual adotada: 10; registros históricos listam 11 ou 12.
Costa Verde & Mar,Itajaí,IGR/região turística,https://citmar.sc.gov.br/municipios-consorciados/; https://citmar.sc.gov.br/nova-diretoria-do-colegiado-de-turismo-busca-ampliar-a-divulgacao-da-costa-verde-mar-e-atrair-mais-visitantes/; https://bombinhas.sc.gov.br/costa-verde-mar-destinos-catarinenses-unidos-para-atrair-turistas-europeus-no-meeting-brasil/,Composição institucional atual adotada: 10; registros históricos listam 11 ou 12.
Costa Verde & Mar,Itapema,IGR/região turística,https://citmar.sc.gov.br/municipios-consorciados/; https://citmar.sc.gov.br/nova-diretoria-do-colegiado-de-turismo-busca-ampliar-a-divulgacao-da-costa-verde-mar-e-atrair-mais-visitantes/; https://bombinhas.sc.gov.br/costa-verde-mar-destinos-catarinenses-unidos-para-atrair-turistas-europeus-no-meeting-brasil/,Composição institucional atual adotada: 10; registros históricos listam 11 ou 12.
Costa Verde & Mar,Navegantes,IGR/região turística,https://citmar.sc.gov.br/municipios-consorciados/; https://citmar.sc.gov.br/nova-diretoria-do-colegiado-de-turismo-busca-ampliar-a-divulgacao-da-costa-verde-mar-e-atrair-mais-visitantes/; https://bombinhas.sc.gov.br/costa-verde-mar-destinos-catarinenses-unidos-para-atrair-turistas-europeus-no-meeting-brasil/,Composição institucional atual adotada: 10; registros históricos listam 11 ou 12.
Costa Verde & Mar,Penha,IGR/região turística,https://citmar.sc.gov.br/municipios-consorciados/; https://citmar.sc.gov.br/nova-diretoria-do-colegiado-de-turismo-busca-ampliar-a-divulgacao-da-costa-verde-mar-e-atrair-mais-visitantes/; https://bombinhas.sc.gov.br/costa-verde-mar-destinos-catarinenses-unidos-para-atrair-turistas-europeus-no-meeting-brasil/,Composição institucional atual adotada: 10; registros históricos listam 11 ou 12.
Costa Verde & Mar,Porto Belo,IGR/região turística,https://citmar.sc.gov.br/municipios-consorciados/; https://citmar.sc.gov.br/nova-diretoria-do-colegiado-de-turismo-busca-ampliar-a-divulgacao-da-costa-verde-mar-e-atrair-mais-visitantes/; https://bombinhas.sc.gov.br/costa-verde-mar-destinos-catarinenses-unidos-para-atrair-turistas-europeus-no-meeting-brasil/,Composição institucional atual adotada: 10; registros históricos listam 11 ou 12.
Encantos do Sul,Armazém,IGR/região turística,https://encantosdosul.org.br/institucional/; https://www.amrec.com.br/forum-regional-de-turismo-encantos-do-sul-contara-com-municipios-da-amrec/; https://abih-sc.com.br/1o-forum-regional-de-turismo-encantos-do-sul-fortalece-setor-e-promove-integracao-na-regiao/,Composição atual adotada: 30; recortes históricos listam 32 ou misturam municípios de Caminho dos Cânions.
Encantos do Sul,Balneário Rincão,IGR/região turística,https://encantosdosul.org.br/institucional/; https://www.amrec.com.br/forum-regional-de-turismo-encantos-do-sul-contara-com-municipios-da-amrec/; https://abih-sc.com.br/1o-forum-regional-de-turismo-encantos-do-sul-fortalece-setor-e-promove-integracao-na-regiao/,Composição atual adotada: 30; recortes históricos listam 32 ou misturam municípios de Caminho dos Cânions.
Encantos do Sul,Braço do Norte,IGR/região turística,https://encantosdosul.org.br/institucional/; https://www.amrec.com.br/forum-regional-de-turismo-encantos-do-sul-contara-com-municipios-da-amrec/; https://abih-sc.com.br/1o-forum-regional-de-turismo-encantos-do-sul-fortalece-setor-e-promove-integracao-na-regiao/,Composição atual adotada: 30; recortes históricos listam 32 ou misturam municípios de Caminho dos Cânions.
Encantos do Sul,Capivari de Baixo,IGR/região turística,https://encantosdosul.org.br/institucional/; https://www.amrec.com.br/forum-regional-de-turismo-encantos-do-sul-contara-com-municipios-da-amrec/; https://abih-sc.com.br/1o-forum-regional-de-turismo-encantos-do-sul-fortalece-setor-e-promove-integracao-na-regiao/,Composição atual adotada: 30; recortes históricos listam 32 ou misturam municípios de Caminho dos Cânions.
Encantos do Sul,Cocal do Sul,IGR/região turística,https://encantosdosul.org.br/institucional/; https://www.amrec.com.br/forum-regional-de-turismo-encantos-do-sul-contara-com-municipios-da-amrec/; https://abih-sc.com.br/1o-forum-regional-de-turismo-encantos-do-sul-fortalece-setor-e-promove-integracao-na-regiao/,Composição atual adotada: 30; recortes históricos listam 32 ou misturam municípios de Caminho dos Cânions.
Encantos do Sul,Criciúma,IGR/região turística,https://encantosdosul.org.br/institucional/; https://www.amrec.com.br/forum-regional-de-turismo-encantos-do-sul-contara-com-municipios-da-amrec/; https://abih-sc.com.br/1o-forum-regional-de-turismo-encantos-do-sul-fortalece-setor-e-promove-integracao-na-regiao/,Composição atual adotada: 30; recortes históricos listam 32 ou misturam municípios de Caminho dos Cânions.
Encantos do Sul,Forquilhinha,IGR/região turística,https://encantosdosul.org.br/institucional/; https://www.amrec.com.br/forum-regional-de-turismo-encantos-do-sul-contara-com-municipios-da-amrec/; https://abih-sc.com.br/1o-forum-regional-de-turismo-encantos-do-sul-fortalece-setor-e-promove-integracao-na-regiao/,Composição atual adotada: 30; recortes históricos listam 32 ou misturam municípios de Caminho dos Cânions.
Encantos do Sul,Grão-Pará,IGR/região turística,https://encantosdosul.org.br/institucional/; https://www.amrec.com.br/forum-regional-de-turismo-encantos-do-sul-contara-com-municipios-da-amrec/; https://abih-sc.com.br/1o-forum-regional-de-turismo-encantos-do-sul-fortalece-setor-e-promove-integracao-na-regiao/,Composição atual adotada: 30; recortes históricos listam 32 ou misturam municípios de Caminho dos Cânions.
Encantos do Sul,Gravatal,IGR/região turística,https://encantosdosul.org.br/institucional/; https://www.amrec.com.br/forum-regional-de-turismo-encantos-do-sul-contara-com-municipios-da-amrec/; https://abih-sc.com.br/1o-forum-regional-de-turismo-encantos-do-sul-fortalece-setor-e-promove-integracao-na-regiao/,Composição atual adotada: 30; recortes históricos listam 32 ou misturam municípios de Caminho dos Cânions.
Encantos do Sul,Içara,IGR/região turística,https://encantosdosul.org.br/institucional/; https://www.amrec.com.br/forum-regional-de-turismo-encantos-do-sul-contara-com-municipios-da-amrec/; https://abih-sc.com.br/1o-forum-regional-de-turismo-encantos-do-sul-fortalece-setor-e-promove-integracao-na-regiao/,Composição atual adotada: 30; recortes históricos listam 32 ou misturam municípios de Caminho dos Cânions.
Encantos do Sul,Imaruí,IGR/região turística,https://encantosdosul.org.br/institucional/; https://www.amrec.com.br/forum-regional-de-turismo-encantos-do-sul-contara-com-municipios-da-amrec/; https://abih-sc.com.br/1o-forum-regional-de-turismo-encantos-do-sul-fortalece-setor-e-promove-integracao-na-regiao/,Composição atual adotada: 30; recortes históricos listam 32 ou misturam municípios de Caminho dos Cânions.
Encantos do Sul,Imbituba,IGR/região turística,https://encantosdosul.org.br/institucional/; https://www.amrec.com.br/forum-regional-de-turismo-encantos-do-sul-contara-com-municipios-da-amrec/; https://abih-sc.com.br/1o-forum-regional-de-turismo-encantos-do-sul-fortalece-setor-e-promove-integracao-na-regiao/,Composição atual adotada: 30; recortes históricos listam 32 ou misturam municípios de Caminho dos Cânions.
Encantos do Sul,Jaguaruna,IGR/região turística,https://encantosdosul.org.br/institucional/; https://www.amrec.com.br/forum-regional-de-turismo-encantos-do-sul-contara-com-municipios-da-amrec/; https://abih-sc.com.br/1o-forum-regional-de-turismo-encantos-do-sul-fortalece-setor-e-promove-integracao-na-regiao/,Composição atual adotada: 30; recortes históricos listam 32 ou misturam municípios de Caminho dos Cânions.
Encantos do Sul,Laguna,IGR/região turística,https://encantosdosul.org.br/institucional/; https://www.amrec.com.br/forum-regional-de-turismo-encantos-do-sul-contara-com-municipios-da-amrec/; https://abih-sc.com.br/1o-forum-regional-de-turismo-encantos-do-sul-fortalece-setor-e-promove-integracao-na-regiao/,Composição atual adotada: 30; recortes históricos listam 32 ou misturam municípios de Caminho dos Cânions.
Encantos do Sul,Lauro Müller,IGR/região turística,https://encantosdosul.org.br/institucional/; https://www.amrec.com.br/forum-regional-de-turismo-encantos-do-sul-contara-com-municipios-da-amrec/; https://abih-sc.com.br/1o-forum-regional-de-turismo-encantos-do-sul-fortalece-setor-e-promove-integracao-na-regiao/,Composição atual adotada: 30; recortes históricos listam 32 ou misturam municípios de Caminho dos Cânions.
Encantos do Sul,Morro da Fumaça,IGR/região turística,https://encantosdosul.org.br/institucional/; https://www.amrec.com.br/forum-regional-de-turismo-encantos-do-sul-contara-com-municipios-da-amrec/; https://abih-sc.com.br/1o-forum-regional-de-turismo-encantos-do-sul-fortalece-setor-e-promove-integracao-na-regiao/,Composição atual adotada: 30; recortes históricos listam 32 ou misturam municípios de Caminho dos Cânions.
Encantos do Sul,Nova Veneza,IGR/região turística,https://encantosdosul.org.br/institucional/; https://www.amrec.com.br/forum-regional-de-turismo-encantos-do-sul-contara-com-municipios-da-amrec/; https://abih-sc.com.br/1o-forum-regional-de-turismo-encantos-do-sul-fortalece-setor-e-promove-integracao-na-regiao/,Composição atual adotada: 30; recortes históricos listam 32 ou misturam municípios de Caminho dos Cânions.
Encantos do Sul,Orleans,IGR/região turística,https://encantosdosul.org.br/institucional/; https://www.amrec.com.br/forum-regional-de-turismo-encantos-do-sul-contara-com-municipios-da-amrec/; https://abih-sc.com.br/1o-forum-regional-de-turismo-encantos-do-sul-fortalece-setor-e-promove-integracao-na-regiao/,Composição atual adotada: 30; recortes históricos listam 32 ou misturam municípios de Caminho dos Cânions.
Encantos do Sul,Pedras Grandes,IGR/região turística,https://encantosdosul.org.br/institucional/; https://www.amrec.com.br/forum-regional-de-turismo-encantos-do-sul-contara-com-municipios-da-amrec/; https://abih-sc.com.br/1o-forum-regional-de-turismo-encantos-do-sul-fortalece-setor-e-promove-integracao-na-regiao/,Composição atual adotada: 30; recortes históricos listam 32 ou misturam municípios de Caminho dos Cânions.
Encantos do Sul,Pescaria Brava,IGR/região turística,https://encantosdosul.org.br/institucional/; https://www.amrec.com.br/forum-regional-de-turismo-encantos-do-sul-contara-com-municipios-da-amrec/; https://abih-sc.com.br/1o-forum-regional-de-turismo-encantos-do-sul-fortalece-setor-e-promove-integracao-na-regiao/,Composição atual adotada: 30; recortes históricos listam 32 ou misturam municípios de Caminho dos Cânions.
Encantos do Sul,Rio Fortuna,IGR/região turística,https://encantosdosul.org.br/institucional/; https://www.amrec.com.br/forum-regional-de-turismo-encantos-do-sul-contara-com-municipios-da-amrec/; https://abih-sc.com.br/1o-forum-regional-de-turismo-encantos-do-sul-fortalece-setor-e-promove-integracao-na-regiao/,Composição atual adotada: 30; recortes históricos listam 32 ou misturam municípios de Caminho dos Cânions.
Encantos do Sul,Sangão,IGR/região turística,https://encantosdosul.org.br/institucional/; https://www.amrec.com.br/forum-regional-de-turismo-encantos-do-sul-contara-com-municipios-da-amrec/; https://abih-sc.com.br/1o-forum-regional-de-turismo-encantos-do-sul-fortalece-setor-e-promove-integracao-na-regiao/,Composição atual adotada: 30; recortes históricos listam 32 ou misturam municípios de Caminho dos Cânions.
Encantos do Sul,Santa Rosa de Lima,IGR/região turística,https://encantosdosul.org.br/institucional/; https://www.amrec.com.br/forum-regional-de-turismo-encantos-do-sul-contara-com-municipios-da-amrec/; https://abih-sc.com.br/1o-forum-regional-de-turismo-encantos-do-sul-fortalece-setor-e-promove-integracao-na-regiao/,Composição atual adotada: 30; recortes históricos listam 32 ou misturam municípios de Caminho dos Cânions.
Encantos do Sul,São Ludgero,IGR/região turística,https://encantosdosul.org.br/institucional/; https://www.amrec.com.br/forum-regional-de-turismo-encantos-do-sul-contara-com-municipios-da-amrec/; https://abih-sc.com.br/1o-forum-regional-de-turismo-encantos-do-sul-fortalece-setor-e-promove-integracao-na-regiao/,Composição atual adotada: 30; recortes históricos listam 32 ou misturam municípios de Caminho dos Cânions.
Encantos do Sul,São Martinho,IGR/região turística,https://encantosdosul.org.br/institucional/; https://www.amrec.com.br/forum-regional-de-turismo-encantos-do-sul-contara-com-municipios-da-amrec/; https://abih-sc.com.br/1o-forum-regional-de-turismo-encantos-do-sul-fortalece-setor-e-promove-integracao-na-regiao/,Composição atual adotada: 30; recortes históricos listam 32 ou misturam municípios de Caminho dos Cânions.
Encantos do Sul,Siderópolis,IGR/região turística,https://encantosdosul.org.br/institucional/; https://www.amrec.com.br/forum-regional-de-turismo-encantos-do-sul-contara-com-municipios-da-amrec/; https://abih-sc.com.br/1o-forum-regional-de-turismo-encantos-do-sul-fortalece-setor-e-promove-integracao-na-regiao/,Composição atual adotada: 30; recortes históricos listam 32 ou misturam municípios de Caminho dos Cânions.
Encantos do Sul,Treviso,IGR/região turística,https://encantosdosul.org.br/institucional/; https://www.amrec.com.br/forum-regional-de-turismo-encantos-do-sul-contara-com-municipios-da-amrec/; https://abih-sc.com.br/1o-forum-regional-de-turismo-encantos-do-sul-fortalece-setor-e-promove-integracao-na-regiao/,Composição atual adotada: 30; recortes históricos listam 32 ou misturam municípios de Caminho dos Cânions.
Encantos do Sul,Treze de Maio,IGR/região turística,https://encantosdosul.org.br/institucional/; https://www.amrec.com.br/forum-regional-de-turismo-encantos-do-sul-contara-com-municipios-da-amrec/; https://abih-sc.com.br/1o-forum-regional-de-turismo-encantos-do-sul-fortalece-setor-e-promove-integracao-na-regiao/,Composição atual adotada: 30; recortes históricos listam 32 ou misturam municípios de Caminho dos Cânions.
Encantos do Sul,Tubarão,IGR/região turística,https://encantosdosul.org.br/institucional/; https://www.amrec.com.br/forum-regional-de-turismo-encantos-do-sul-contara-com-municipios-da-amrec/; https://abih-sc.com.br/1o-forum-regional-de-turismo-encantos-do-sul-fortalece-setor-e-promove-integracao-na-regiao/,Composição atual adotada: 30; recortes históricos listam 32 ou misturam municípios de Caminho dos Cânions.
Encantos do Sul,Urussanga,IGR/região turística,https://encantosdosul.org.br/institucional/; https://www.amrec.com.br/forum-regional-de-turismo-encantos-do-sul-contara-com-municipios-da-amrec/; https://abih-sc.com.br/1o-forum-regional-de-turismo-encantos-do-sul-fortalece-setor-e-promove-integracao-na-regiao/,Composição atual adotada: 30; recortes históricos listam 32 ou misturam municípios de Caminho dos Cânions.
Grande Florianópolis,Águas Mornas,IGR/região turística,https://turismo.granfpolis.org.br/grande-florianopolis/; https://granfpolis.org.br/municipios/; https://www.cosemssc.org.br/macrorregioes/grande-florianopolis/,"Lista territorial institucional de 22 municípios; o Mapa do Turismo retorna subconjunto variável, atualmente 16."
Grande Florianópolis,Alfredo Wagner,IGR/região turística,https://turismo.granfpolis.org.br/grande-florianopolis/; https://granfpolis.org.br/municipios/; https://www.cosemssc.org.br/macrorregioes/grande-florianopolis/,"Lista territorial institucional de 22 municípios; o Mapa do Turismo retorna subconjunto variável, atualmente 16."
Grande Florianópolis,Angelina,IGR/região turística,https://turismo.granfpolis.org.br/grande-florianopolis/; https://granfpolis.org.br/municipios/; https://www.cosemssc.org.br/macrorregioes/grande-florianopolis/,"Lista territorial institucional de 22 municípios; o Mapa do Turismo retorna subconjunto variável, atualmente 16."
Grande Florianópolis,Anitápolis,IGR/região turística,https://turismo.granfpolis.org.br/grande-florianopolis/; https://granfpolis.org.br/municipios/; https://www.cosemssc.org.br/macrorregioes/grande-florianopolis/,"Lista territorial institucional de 22 municípios; o Mapa do Turismo retorna subconjunto variável, atualmente 16."
Grande Florianópolis,Antônio Carlos,IGR/região turística,https://turismo.granfpolis.org.br/grande-florianopolis/; https://granfpolis.org.br/municipios/; https://www.cosemssc.org.br/macrorregioes/grande-florianopolis/,"Lista territorial institucional de 22 municípios; o Mapa do Turismo retorna subconjunto variável, atualmente 16."
Grande Florianópolis,Biguaçu,IGR/região turística,https://turismo.granfpolis.org.br/grande-florianopolis/; https://granfpolis.org.br/municipios/; https://www.cosemssc.org.br/macrorregioes/grande-florianopolis/,"Lista territorial institucional de 22 municípios; o Mapa do Turismo retorna subconjunto variável, atualmente 16."
Grande Florianópolis,Canelinha,IGR/região turística,https://turismo.granfpolis.org.br/grande-florianopolis/; https://granfpolis.org.br/municipios/; https://www.cosemssc.org.br/macrorregioes/grande-florianopolis/,"Lista territorial institucional de 22 municípios; o Mapa do Turismo retorna subconjunto variável, atualmente 16."
Grande Florianópolis,Florianópolis,IGR/região turística,https://turismo.granfpolis.org.br/grande-florianopolis/; https://granfpolis.org.br/municipios/; https://www.cosemssc.org.br/macrorregioes/grande-florianopolis/,"Lista territorial institucional de 22 municípios; o Mapa do Turismo retorna subconjunto variável, atualmente 16."
Grande Florianópolis,Garopaba,IGR/região turística,https://turismo.granfpolis.org.br/grande-florianopolis/; https://granfpolis.org.br/municipios/; https://www.cosemssc.org.br/macrorregioes/grande-florianopolis/,"Lista territorial institucional de 22 municípios; o Mapa do Turismo retorna subconjunto variável, atualmente 16."
Grande Florianópolis,Governador Celso Ramos,IGR/região turística,https://turismo.granfpolis.org.br/grande-florianopolis/; https://granfpolis.org.br/municipios/; https://www.cosemssc.org.br/macrorregioes/grande-florianopolis/,"Lista territorial institucional de 22 municípios; o Mapa do Turismo retorna subconjunto variável, atualmente 16."
Grande Florianópolis,Leoberto Leal,IGR/região turística,https://turismo.granfpolis.org.br/grande-florianopolis/; https://granfpolis.org.br/municipios/; https://www.cosemssc.org.br/macrorregioes/grande-florianopolis/,"Lista territorial institucional de 22 municípios; o Mapa do Turismo retorna subconjunto variável, atualmente 16."
Grande Florianópolis,Major Gercino,IGR/região turística,https://turismo.granfpolis.org.br/grande-florianopolis/; https://granfpolis.org.br/municipios/; https://www.cosemssc.org.br/macrorregioes/grande-florianopolis/,"Lista territorial institucional de 22 municípios; o Mapa do Turismo retorna subconjunto variável, atualmente 16."
Grande Florianópolis,Nova Trento,IGR/região turística,https://turismo.granfpolis.org.br/grande-florianopolis/; https://granfpolis.org.br/municipios/; https://www.cosemssc.org.br/macrorregioes/grande-florianopolis/,"Lista territorial institucional de 22 municípios; o Mapa do Turismo retorna subconjunto variável, atualmente 16."
Grande Florianópolis,Palhoça,IGR/região turística,https://turismo.granfpolis.org.br/grande-florianopolis/; https://granfpolis.org.br/municipios/; https://www.cosemssc.org.br/macrorregioes/grande-florianopolis/,"Lista territorial institucional de 22 municípios; o Mapa do Turismo retorna subconjunto variável, atualmente 16."
Grande Florianópolis,Paulo Lopes,IGR/região turística,https://turismo.granfpolis.org.br/grande-florianopolis/; https://granfpolis.org.br/municipios/; https://www.cosemssc.org.br/macrorregioes/grande-florianopolis/,"Lista territorial institucional de 22 municípios; o Mapa do Turismo retorna subconjunto variável, atualmente 16."
Grande Florianópolis,Rancho Queimado,IGR/região turística,https://turismo.granfpolis.org.br/grande-florianopolis/; https://granfpolis.org.br/municipios/; https://www.cosemssc.org.br/macrorregioes/grande-florianopolis/,"Lista territorial institucional de 22 municípios; o Mapa do Turismo retorna subconjunto variável, atualmente 16."
Grande Florianópolis,Santo Amaro da Imperatriz,IGR/região turística,https://turismo.granfpolis.org.br/grande-florianopolis/; https://granfpolis.org.br/municipios/; https://www.cosemssc.org.br/macrorregioes/grande-florianopolis/,"Lista territorial institucional de 22 municípios; o Mapa do Turismo retorna subconjunto variável, atualmente 16."
Grande Florianópolis,São Bonifácio,IGR/região turística,https://turismo.granfpolis.org.br/grande-florianopolis/; https://granfpolis.org.br/municipios/; https://www.cosemssc.org.br/macrorregioes/grande-florianopolis/,"Lista territorial institucional de 22 municípios; o Mapa do Turismo retorna subconjunto variável, atualmente 16."
Grande Florianópolis,São João Batista,IGR/região turística,https://turismo.granfpolis.org.br/grande-florianopolis/; https://granfpolis.org.br/municipios/; https://www.cosemssc.org.br/macrorregioes/grande-florianopolis/,"Lista territorial institucional de 22 municípios; o Mapa do Turismo retorna subconjunto variável, atualmente 16."
Grande Florianópolis,São José,IGR/região turística,https://turismo.granfpolis.org.br/grande-florianopolis/; https://granfpolis.org.br/municipios/; https://www.cosemssc.org.br/macrorregioes/grande-florianopolis/,"Lista territorial institucional de 22 municípios; o Mapa do Turismo retorna subconjunto variável, atualmente 16."
Grande Florianópolis,São Pedro de Alcântara,IGR/região turística,https://turismo.granfpolis.org.br/grande-florianopolis/; https://granfpolis.org.br/municipios/; https://www.cosemssc.org.br/macrorregioes/grande-florianopolis/,"Lista territorial institucional de 22 municípios; o Mapa do Turismo retorna subconjunto variável, atualmente 16."
Grande Florianópolis,Tijucas,IGR/região turística,https://turismo.granfpolis.org.br/grande-florianopolis/; https://granfpolis.org.br/municipios/; https://www.cosemssc.org.br/macrorregioes/grande-florianopolis/,"Lista territorial institucional de 22 municípios; o Mapa do Turismo retorna subconjunto variável, atualmente 16."
Grande Oeste,Abelardo Luz,IGR/região turística,https://www.camaranovohorizonte.sc.gov.br/proposicoes/Autografos/0/1/0/2209; https://sc.agenciasebrae.com.br/economia-e-politica/encantos-do-turismo-rural-podem-ser-conhecidos-no-estande-do-sebrae-sc/; https://www.mapa.turismo.gov.br/mapa/rest/publico/regionalizacao/listar/regioes-turisticas/regiao?nuRegiao=4,Lista nominal de 35 adotada de fonte municipal de 2025; outra fonte de 2025 troca Campo Erê/Seara por Ipumirim/São Lourenço do Oeste.
Grande Oeste,Arabutã,IGR/região turística,https://www.camaranovohorizonte.sc.gov.br/proposicoes/Autografos/0/1/0/2209; https://sc.agenciasebrae.com.br/economia-e-politica/encantos-do-turismo-rural-podem-ser-conhecidos-no-estande-do-sebrae-sc/; https://www.mapa.turismo.gov.br/mapa/rest/publico/regionalizacao/listar/regioes-turisticas/regiao?nuRegiao=4,Lista nominal de 35 adotada de fonte municipal de 2025; outra fonte de 2025 troca Campo Erê/Seara por Ipumirim/São Lourenço do Oeste.
Grande Oeste,Arvoredo,IGR/região turística,https://www.camaranovohorizonte.sc.gov.br/proposicoes/Autografos/0/1/0/2209; https://sc.agenciasebrae.com.br/economia-e-politica/encantos-do-turismo-rural-podem-ser-conhecidos-no-estande-do-sebrae-sc/; https://www.mapa.turismo.gov.br/mapa/rest/publico/regionalizacao/listar/regioes-turisticas/regiao?nuRegiao=4,Lista nominal de 35 adotada de fonte municipal de 2025; outra fonte de 2025 troca Campo Erê/Seara por Ipumirim/São Lourenço do Oeste.
Grande Oeste,Bom Jesus,IGR/região turística,https://www.camaranovohorizonte.sc.gov.br/proposicoes/Autografos/0/1/0/2209; https://sc.agenciasebrae.com.br/economia-e-politica/encantos-do-turismo-rural-podem-ser-conhecidos-no-estande-do-sebrae-sc/; https://www.mapa.turismo.gov.br/mapa/rest/publico/regionalizacao/listar/regioes-turisticas/regiao?nuRegiao=4,Lista nominal de 35 adotada de fonte municipal de 2025; outra fonte de 2025 troca Campo Erê/Seara por Ipumirim/São Lourenço do Oeste.
Grande Oeste,Bom Jesus do Oeste,IGR/região turística,https://www.camaranovohorizonte.sc.gov.br/proposicoes/Autografos/0/1/0/2209; https://sc.agenciasebrae.com.br/economia-e-politica/encantos-do-turismo-rural-podem-ser-conhecidos-no-estande-do-sebrae-sc/; https://www.mapa.turismo.gov.br/mapa/rest/publico/regionalizacao/listar/regioes-turisticas/regiao?nuRegiao=4,Lista nominal de 35 adotada de fonte municipal de 2025; outra fonte de 2025 troca Campo Erê/Seara por Ipumirim/São Lourenço do Oeste.
Caminhos da Fronteira,Campo Erê,IGR/região turística,https://www.camaranovohorizonte.sc.gov.br/proposicoes/Autografos/0/1/0/2209; https://sc.agenciasebrae.com.br/economia-e-politica/encantos-do-turismo-rural-podem-ser-conhecidos-no-estande-do-sebrae-sc/; https://www.mapa.turismo.gov.br/mapa/rest/publico/regionalizacao/listar/regioes-turisticas/regiao?nuRegiao=4,Lista nominal de 35 adotada de fonte municipal de 2025; outra fonte de 2025 troca Campo Erê/Seara por Ipumirim/São Lourenço do Oeste.
Grande Oeste,Chapecó,IGR/região turística,https://www.camaranovohorizonte.sc.gov.br/proposicoes/Autografos/0/1/0/2209; https://sc.agenciasebrae.com.br/economia-e-politica/encantos-do-turismo-rural-podem-ser-conhecidos-no-estande-do-sebrae-sc/; https://www.mapa.turismo.gov.br/mapa/rest/publico/regionalizacao/listar/regioes-turisticas/regiao?nuRegiao=4,Lista nominal de 35 adotada de fonte municipal de 2025; outra fonte de 2025 troca Campo Erê/Seara por Ipumirim/São Lourenço do Oeste.
Grande Oeste,Cordilheira Alta,IGR/região turística,https://www.camaranovohorizonte.sc.gov.br/proposicoes/Autografos/0/1/0/2209; https://sc.agenciasebrae.com.br/economia-e-politica/encantos-do-turismo-rural-podem-ser-conhecidos-no-estande-do-sebrae-sc/; https://www.mapa.turismo.gov.br/mapa/rest/publico/regionalizacao/listar/regioes-turisticas/regiao?nuRegiao=4,Lista nominal de 35 adotada de fonte municipal de 2025; outra fonte de 2025 troca Campo Erê/Seara por Ipumirim/São Lourenço do Oeste.
Grande Oeste,Coronel Freitas,IGR/região turística,https://www.camaranovohorizonte.sc.gov.br/proposicoes/Autografos/0/1/0/2209; https://sc.agenciasebrae.com.br/economia-e-politica/encantos-do-turismo-rural-podem-ser-conhecidos-no-estande-do-sebrae-sc/; https://www.mapa.turismo.gov.br/mapa/rest/publico/regionalizacao/listar/regioes-turisticas/regiao?nuRegiao=4,Lista nominal de 35 adotada de fonte municipal de 2025; outra fonte de 2025 troca Campo Erê/Seara por Ipumirim/São Lourenço do Oeste.
Grande Oeste,Coronel Martins,IGR/região turística,https://www.camaranovohorizonte.sc.gov.br/proposicoes/Autografos/0/1/0/2209; https://sc.agenciasebrae.com.br/economia-e-politica/encantos-do-turismo-rural-podem-ser-conhecidos-no-estande-do-sebrae-sc/; https://www.mapa.turismo.gov.br/mapa/rest/publico/regionalizacao/listar/regioes-turisticas/regiao?nuRegiao=4,Lista nominal de 35 adotada de fonte municipal de 2025; outra fonte de 2025 troca Campo Erê/Seara por Ipumirim/São Lourenço do Oeste.
Grande Oeste,Entre Rios,IGR/região turística,https://www.camaranovohorizonte.sc.gov.br/proposicoes/Autografos/0/1/0/2209; https://sc.agenciasebrae.com.br/economia-e-politica/encantos-do-turismo-rural-podem-ser-conhecidos-no-estande-do-sebrae-sc/; https://www.mapa.turismo.gov.br/mapa/rest/publico/regionalizacao/listar/regioes-turisticas/regiao?nuRegiao=4,Lista nominal de 35 adotada de fonte municipal de 2025; outra fonte de 2025 troca Campo Erê/Seara por Ipumirim/São Lourenço do Oeste.
Grande Oeste,Faxinal dos Guedes,IGR/região turística,https://www.camaranovohorizonte.sc.gov.br/proposicoes/Autografos/0/1/0/2209; https://sc.agenciasebrae.com.br/economia-e-politica/encantos-do-turismo-rural-podem-ser-conhecidos-no-estande-do-sebrae-sc/; https://www.mapa.turismo.gov.br/mapa/rest/publico/regionalizacao/listar/regioes-turisticas/regiao?nuRegiao=4,Lista nominal de 35 adotada de fonte municipal de 2025; outra fonte de 2025 troca Campo Erê/Seara por Ipumirim/São Lourenço do Oeste.
Grande Oeste,Galvão,IGR/região turística,https://www.camaranovohorizonte.sc.gov.br/proposicoes/Autografos/0/1/0/2209; https://sc.agenciasebrae.com.br/economia-e-politica/encantos-do-turismo-rural-podem-ser-conhecidos-no-estande-do-sebrae-sc/; https://www.mapa.turismo.gov.br/mapa/rest/publico/regionalizacao/listar/regioes-turisticas/regiao?nuRegiao=4,Lista nominal de 35 adotada de fonte municipal de 2025; outra fonte de 2025 troca Campo Erê/Seara por Ipumirim/São Lourenço do Oeste.
Grande Oeste,Guatambú,IGR/região turística,https://www.camaranovohorizonte.sc.gov.br/proposicoes/Autografos/0/1/0/2209; https://sc.agenciasebrae.com.br/economia-e-politica/encantos-do-turismo-rural-podem-ser-conhecidos-no-estande-do-sebrae-sc/; https://www.mapa.turismo.gov.br/mapa/rest/publico/regionalizacao/listar/regioes-turisticas/regiao?nuRegiao=4,Lista nominal de 35 adotada de fonte municipal de 2025; outra fonte de 2025 troca Campo Erê/Seara por Ipumirim/São Lourenço do Oeste.
Grande Oeste,Ipuaçu,IGR/região turística,https://www.camaranovohorizonte.sc.gov.br/proposicoes/Autografos/0/1/0/2209; https://sc.agenciasebrae.com.br/economia-e-politica/encantos-do-turismo-rural-podem-ser-conhecidos-no-estande-do-sebrae-sc/; https://www.mapa.turismo.gov.br/mapa/rest/publico/regionalizacao/listar/regioes-turisticas/regiao?nuRegiao=4,Lista nominal de 35 adotada de fonte municipal de 2025; outra fonte de 2025 troca Campo Erê/Seara por Ipumirim/São Lourenço do Oeste.
Grande Oeste,Jupiá ,IGR/região turística,https://www.camaranovohorizonte.sc.gov.br/proposicoes/Autografos/0/1/0/2209; https://sc.agenciasebrae.com.br/economia-e-politica/encantos-do-turismo-rural-podem-ser-conhecidos-no-estande-do-sebrae-sc/; https://www.mapa.turismo.gov.br/mapa/rest/publico/regionalizacao/listar/regioes-turisticas/regiao?nuRegiao=4,Lista nominal de 35 adotada de fonte municipal de 2025; outra fonte de 2025 troca Campo Erê/Seara por Ipumirim/São Lourenço do Oeste.
Grande Oeste,Lajeado Grande,IGR/região turística,https://www.camaranovohorizonte.sc.gov.br/proposicoes/Autografos/0/1/0/2209; https://sc.agenciasebrae.com.br/economia-e-politica/encantos-do-turismo-rural-podem-ser-conhecidos-no-estande-do-sebrae-sc/; https://www.mapa.turismo.gov.br/mapa/rest/publico/regionalizacao/listar/regioes-turisticas/regiao?nuRegiao=4,Lista nominal de 35 adotada de fonte municipal de 2025; outra fonte de 2025 troca Campo Erê/Seara por Ipumirim/São Lourenço do Oeste.
Grande Oeste,Lindóia do Sul,IGR/região turística,https://www.camaranovohorizonte.sc.gov.br/proposicoes/Autografos/0/1/0/2209; https://sc.agenciasebrae.com.br/economia-e-politica/encantos-do-turismo-rural-podem-ser-conhecidos-no-estande-do-sebrae-sc/; https://www.mapa.turismo.gov.br/mapa/rest/publico/regionalizacao/listar/regioes-turisticas/regiao?nuRegiao=4,Lista nominal de 35 adotada de fonte municipal de 2025; outra fonte de 2025 troca Campo Erê/Seara por Ipumirim/São Lourenço do Oeste.
Grande Oeste,Marema,IGR/região turística,https://www.camaranovohorizonte.sc.gov.br/proposicoes/Autografos/0/1/0/2209; https://sc.agenciasebrae.com.br/economia-e-politica/encantos-do-turismo-rural-podem-ser-conhecidos-no-estande-do-sebrae-sc/; https://www.mapa.turismo.gov.br/mapa/rest/publico/regionalizacao/listar/regioes-turisticas/regiao?nuRegiao=4,Lista nominal de 35 adotada de fonte municipal de 2025; outra fonte de 2025 troca Campo Erê/Seara por Ipumirim/São Lourenço do Oeste.
Grande Oeste,Novo Horizonte,IGR/região turística,https://www.camaranovohorizonte.sc.gov.br/proposicoes/Autografos/0/1/0/2209; https://sc.agenciasebrae.com.br/economia-e-politica/encantos-do-turismo-rural-podem-ser-conhecidos-no-estande-do-sebrae-sc/; https://www.mapa.turismo.gov.br/mapa/rest/publico/regionalizacao/listar/regioes-turisticas/regiao?nuRegiao=4,Lista nominal de 35 adotada de fonte municipal de 2025; outra fonte de 2025 troca Campo Erê/Seara por Ipumirim/São Lourenço do Oeste.
Grande Oeste,Ouro Verde,IGR/região turística,https://www.camaranovohorizonte.sc.gov.br/proposicoes/Autografos/0/1/0/2209; https://sc.agenciasebrae.com.br/economia-e-politica/encantos-do-turismo-rural-podem-ser-conhecidos-no-estande-do-sebrae-sc/; https://www.mapa.turismo.gov.br/mapa/rest/publico/regionalizacao/listar/regioes-turisticas/regiao?nuRegiao=4,Lista nominal de 35 adotada de fonte municipal de 2025; outra fonte de 2025 troca Campo Erê/Seara por Ipumirim/São Lourenço do Oeste.
Grande Oeste,Paial,IGR/região turística,https://www.camaranovohorizonte.sc.gov.br/proposicoes/Autografos/0/1/0/2209; https://sc.agenciasebrae.com.br/economia-e-politica/encantos-do-turismo-rural-podem-ser-conhecidos-no-estande-do-sebrae-sc/; https://www.mapa.turismo.gov.br/mapa/rest/publico/regionalizacao/listar/regioes-turisticas/regiao?nuRegiao=4,Lista nominal de 35 adotada de fonte municipal de 2025; outra fonte de 2025 troca Campo Erê/Seara por Ipumirim/São Lourenço do Oeste.
Grande Oeste,Passos Maia,IGR/região turística,https://www.camaranovohorizonte.sc.gov.br/proposicoes/Autografos/0/1/0/2209; https://sc.agenciasebrae.com.br/economia-e-politica/encantos-do-turismo-rural-podem-ser-conhecidos-no-estande-do-sebrae-sc/; https://www.mapa.turismo.gov.br/mapa/rest/publico/regionalizacao/listar/regioes-turisticas/regiao?nuRegiao=4,Lista nominal de 35 adotada de fonte municipal de 2025; outra fonte de 2025 troca Campo Erê/Seara por Ipumirim/São Lourenço do Oeste.
Grande Oeste,Ponte Serrada,IGR/região turística,https://www.camaranovohorizonte.sc.gov.br/proposicoes/Autografos/0/1/0/2209; https://sc.agenciasebrae.com.br/economia-e-politica/encantos-do-turismo-rural-podem-ser-conhecidos-no-estande-do-sebrae-sc/; https://www.mapa.turismo.gov.br/mapa/rest/publico/regionalizacao/listar/regioes-turisticas/regiao?nuRegiao=4,Lista nominal de 35 adotada de fonte municipal de 2025; outra fonte de 2025 troca Campo Erê/Seara por Ipumirim/São Lourenço do Oeste.
Grande Oeste,Romelândia,IGR/região turística,https://www.camaranovohorizonte.sc.gov.br/proposicoes/Autografos/0/1/0/2209; https://sc.agenciasebrae.com.br/economia-e-politica/encantos-do-turismo-rural-podem-ser-conhecidos-no-estande-do-sebrae-sc/; https://www.mapa.turismo.gov.br/mapa/rest/publico/regionalizacao/listar/regioes-turisticas/regiao?nuRegiao=4,Lista nominal de 35 adotada de fonte municipal de 2025; outra fonte de 2025 troca Campo Erê/Seara por Ipumirim/São Lourenço do Oeste.
Grande Oeste,Saltinho,IGR/região turística,https://www.camaranovohorizonte.sc.gov.br/proposicoes/Autografos/0/1/0/2209; https://sc.agenciasebrae.com.br/economia-e-politica/encantos-do-turismo-rural-podem-ser-conhecidos-no-estande-do-sebrae-sc/; https://www.mapa.turismo.gov.br/mapa/rest/publico/regionalizacao/listar/regioes-turisticas/regiao?nuRegiao=4,Lista nominal de 35 adotada de fonte municipal de 2025; outra fonte de 2025 troca Campo Erê/Seara por Ipumirim/São Lourenço do Oeste.
Grande Oeste,Santa Terezinha do Progresso,IGR/região turística,https://www.camaranovohorizonte.sc.gov.br/proposicoes/Autografos/0/1/0/2209; https://sc.agenciasebrae.com.br/economia-e-politica/encantos-do-turismo-rural-podem-ser-conhecidos-no-estande-do-sebrae-sc/; https://www.mapa.turismo.gov.br/mapa/rest/publico/regionalizacao/listar/regioes-turisticas/regiao?nuRegiao=4,Lista nominal de 35 adotada de fonte municipal de 2025; outra fonte de 2025 troca Campo Erê/Seara por Ipumirim/São Lourenço do Oeste.
Alto Uruguai Catarinense,Seara,IGR/região turística,https://www.camaranovohorizonte.sc.gov.br/proposicoes/Autografos/0/1/0/2209; https://sc.agenciasebrae.com.br/economia-e-politica/encantos-do-turismo-rural-podem-ser-conhecidos-no-estande-do-sebrae-sc/; https://www.mapa.turismo.gov.br/mapa/rest/publico/regionalizacao/listar/regioes-turisticas/regiao?nuRegiao=4,Lista nominal de 35 adotada de fonte municipal de 2025; outra fonte de 2025 troca Campo Erê/Seara por Ipumirim/São Lourenço do Oeste.
Grande Oeste,São Bernardino,IGR/região turística,https://www.camaranovohorizonte.sc.gov.br/proposicoes/Autografos/0/1/0/2209; https://sc.agenciasebrae.com.br/economia-e-politica/encantos-do-turismo-rural-podem-ser-conhecidos-no-estande-do-sebrae-sc/; https://www.mapa.turismo.gov.br/mapa/rest/publico/regionalizacao/listar/regioes-turisticas/regiao?nuRegiao=4,Lista nominal de 35 adotada de fonte municipal de 2025; outra fonte de 2025 troca Campo Erê/Seara por Ipumirim/São Lourenço do Oeste.
Grande Oeste,São Domingos,IGR/região turística,https://www.camaranovohorizonte.sc.gov.br/proposicoes/Autografos/0/1/0/2209; https://sc.agenciasebrae.com.br/economia-e-politica/encantos-do-turismo-rural-podem-ser-conhecidos-no-estande-do-sebrae-sc/; https://www.mapa.turismo.gov.br/mapa/rest/publico/regionalizacao/listar/regioes-turisticas/regiao?nuRegiao=4,Lista nominal de 35 adotada de fonte municipal de 2025; outra fonte de 2025 troca Campo Erê/Seara por Ipumirim/São Lourenço do Oeste.
Grande Oeste,São Miguel da Boa Vista,IGR/região turística,https://www.camaranovohorizonte.sc.gov.br/proposicoes/Autografos/0/1/0/2209; https://sc.agenciasebrae.com.br/economia-e-politica/encantos-do-turismo-rural-podem-ser-conhecidos-no-estande-do-sebrae-sc/; https://www.mapa.turismo.gov.br/mapa/rest/publico/regionalizacao/listar/regioes-turisticas/regiao?nuRegiao=4,Lista nominal de 35 adotada de fonte municipal de 2025; outra fonte de 2025 troca Campo Erê/Seara por Ipumirim/São Lourenço do Oeste.
Grande Oeste,Tigrinhos,IGR/região turística,https://www.camaranovohorizonte.sc.gov.br/proposicoes/Autografos/0/1/0/2209; https://sc.agenciasebrae.com.br/economia-e-politica/encantos-do-turismo-rural-podem-ser-conhecidos-no-estande-do-sebrae-sc/; https://www.mapa.turismo.gov.br/mapa/rest/publico/regionalizacao/listar/regioes-turisticas/regiao?nuRegiao=4,Lista nominal de 35 adotada de fonte municipal de 2025; outra fonte de 2025 troca Campo Erê/Seara por Ipumirim/São Lourenço do Oeste.
Grande Oeste,Vargeão,IGR/região turística,https://www.camaranovohorizonte.sc.gov.br/proposicoes/Autografos/0/1/0/2209; https://sc.agenciasebrae.com.br/economia-e-politica/encantos-do-turismo-rural-podem-ser-conhecidos-no-estande-do-sebrae-sc/; https://www.mapa.turismo.gov.br/mapa/rest/publico/regionalizacao/listar/regioes-turisticas/regiao?nuRegiao=4,Lista nominal de 35 adotada de fonte municipal de 2025; outra fonte de 2025 troca Campo Erê/Seara por Ipumirim/São Lourenço do Oeste.
Grande Oeste,Xanxerê,IGR/região turística,https://www.camaranovohorizonte.sc.gov.br/proposicoes/Autografos/0/1/0/2209; https://sc.agenciasebrae.com.br/economia-e-politica/encantos-do-turismo-rural-podem-ser-conhecidos-no-estande-do-sebrae-sc/; https://www.mapa.turismo.gov.br/mapa/rest/publico/regionalizacao/listar/regioes-turisticas/regiao?nuRegiao=4,Lista nominal de 35 adotada de fonte municipal de 2025; outra fonte de 2025 troca Campo Erê/Seara por Ipumirim/São Lourenço do Oeste.
Grande Oeste,Xaxim,IGR/região turística,https://www.camaranovohorizonte.sc.gov.br/proposicoes/Autografos/0/1/0/2209; https://sc.agenciasebrae.com.br/economia-e-politica/encantos-do-turismo-rural-podem-ser-conhecidos-no-estande-do-sebrae-sc/; https://www.mapa.turismo.gov.br/mapa/rest/publico/regionalizacao/listar/regioes-turisticas/regiao?nuRegiao=4,Lista nominal de 35 adotada de fonte municipal de 2025; outra fonte de 2025 troca Campo Erê/Seara por Ipumirim/São Lourenço do Oeste.
Serra Catarinense,Anita Garibaldi,IGR/região turística,https://www.visiteaserrasc.com.br/; https://www.amures.org.br/municipios; https://www.lages.sc.gov.br/noticia-descricao/6950/lages-sedia-o-1-encontro-da-instancia-de-governanca-regional-da-serra-catarinense,Composição convergente: 18; Portaria de 2016 listava 12 e mapa de 2017 ampliou para 18.
Serra Catarinense,Bocaina do Sul,IGR/região turística,https://www.visiteaserrasc.com.br/; https://www.amures.org.br/municipios; https://www.lages.sc.gov.br/noticia-descricao/6950/lages-sedia-o-1-encontro-da-instancia-de-governanca-regional-da-serra-catarinense,Composição convergente: 18; Portaria de 2016 listava 12 e mapa de 2017 ampliou para 18.
Serra Catarinense,Bom Jardim da Serra,IGR/região turística,https://www.visiteaserrasc.com.br/; https://www.amures.org.br/municipios; https://www.lages.sc.gov.br/noticia-descricao/6950/lages-sedia-o-1-encontro-da-instancia-de-governanca-regional-da-serra-catarinense,Composição convergente: 18; Portaria de 2016 listava 12 e mapa de 2017 ampliou para 18.
Serra Catarinense,Bom Retiro,IGR/região turística,https://www.visiteaserrasc.com.br/; https://www.amures.org.br/municipios; https://www.lages.sc.gov.br/noticia-descricao/6950/lages-sedia-o-1-encontro-da-instancia-de-governanca-regional-da-serra-catarinense,Composição convergente: 18; Portaria de 2016 listava 12 e mapa de 2017 ampliou para 18.
Serra Catarinense,Campo Belo do Sul,IGR/região turística,https://www.visiteaserrasc.com.br/; https://www.amures.org.br/municipios; https://www.lages.sc.gov.br/noticia-descricao/6950/lages-sedia-o-1-encontro-da-instancia-de-governanca-regional-da-serra-catarinense,Composição convergente: 18; Portaria de 2016 listava 12 e mapa de 2017 ampliou para 18.
Serra Catarinense,Capão Alto,IGR/região turística,https://www.visiteaserrasc.com.br/; https://www.amures.org.br/municipios; https://www.lages.sc.gov.br/noticia-descricao/6950/lages-sedia-o-1-encontro-da-instancia-de-governanca-regional-da-serra-catarinense,Composição convergente: 18; Portaria de 2016 listava 12 e mapa de 2017 ampliou para 18.
Serra Catarinense,Cerro Negro,IGR/região turística,https://www.visiteaserrasc.com.br/; https://www.amures.org.br/municipios; https://www.lages.sc.gov.br/noticia-descricao/6950/lages-sedia-o-1-encontro-da-instancia-de-governanca-regional-da-serra-catarinense,Composição convergente: 18; Portaria de 2016 listava 12 e mapa de 2017 ampliou para 18.
Serra Catarinense,Correia Pinto,IGR/região turística,https://www.visiteaserrasc.com.br/; https://www.amures.org.br/municipios; https://www.lages.sc.gov.br/noticia-descricao/6950/lages-sedia-o-1-encontro-da-instancia-de-governanca-regional-da-serra-catarinense,Composição convergente: 18; Portaria de 2016 listava 12 e mapa de 2017 ampliou para 18.
Serra Catarinense,Lages,IGR/região turística,https://www.visiteaserrasc.com.br/; https://www.amures.org.br/municipios; https://www.lages.sc.gov.br/noticia-descricao/6950/lages-sedia-o-1-encontro-da-instancia-de-governanca-regional-da-serra-catarinense,Composição convergente: 18; Portaria de 2016 listava 12 e mapa de 2017 ampliou para 18.
Serra Catarinense,Otacílio Costa,IGR/região turística,https://www.visiteaserrasc.com.br/; https://www.amures.org.br/municipios; https://www.lages.sc.gov.br/noticia-descricao/6950/lages-sedia-o-1-encontro-da-instancia-de-governanca-regional-da-serra-catarinense,Composição convergente: 18; Portaria de 2016 listava 12 e mapa de 2017 ampliou para 18.
Serra Catarinense,Painel,IGR/região turística,https://www.visiteaserrasc.com.br/; https://www.amures.org.br/municipios; https://www.lages.sc.gov.br/noticia-descricao/6950/lages-sedia-o-1-encontro-da-instancia-de-governanca-regional-da-serra-catarinense,Composição convergente: 18; Portaria de 2016 listava 12 e mapa de 2017 ampliou para 18.
Serra Catarinense,Palmeira,IGR/região turística,https://www.visiteaserrasc.com.br/; https://www.amures.org.br/municipios; https://www.lages.sc.gov.br/noticia-descricao/6950/lages-sedia-o-1-encontro-da-instancia-de-governanca-regional-da-serra-catarinense,Composição convergente: 18; Portaria de 2016 listava 12 e mapa de 2017 ampliou para 18.
Serra Catarinense,Ponte Alta,IGR/região turística,https://www.visiteaserrasc.com.br/; https://www.amures.org.br/municipios; https://www.lages.sc.gov.br/noticia-descricao/6950/lages-sedia-o-1-encontro-da-instancia-de-governanca-regional-da-serra-catarinense,Composição convergente: 18; Portaria de 2016 listava 12 e mapa de 2017 ampliou para 18.
Serra Catarinense,Rio Rufino,IGR/região turística,https://www.visiteaserrasc.com.br/; https://www.amures.org.br/municipios; https://www.lages.sc.gov.br/noticia-descricao/6950/lages-sedia-o-1-encontro-da-instancia-de-governanca-regional-da-serra-catarinense,Composição convergente: 18; Portaria de 2016 listava 12 e mapa de 2017 ampliou para 18.
Serra Catarinense,São Joaquim,IGR/região turística,https://www.visiteaserrasc.com.br/; https://www.amures.org.br/municipios; https://www.lages.sc.gov.br/noticia-descricao/6950/lages-sedia-o-1-encontro-da-instancia-de-governanca-regional-da-serra-catarinense,Composição convergente: 18; Portaria de 2016 listava 12 e mapa de 2017 ampliou para 18.
Serra Catarinense,São José do Cerrito,IGR/região turística,https://www.visiteaserrasc.com.br/; https://www.amures.org.br/municipios; https://www.lages.sc.gov.br/noticia-descricao/6950/lages-sedia-o-1-encontro-da-instancia-de-governanca-regional-da-serra-catarinense,Composição convergente: 18; Portaria de 2016 listava 12 e mapa de 2017 ampliou para 18.
Serra Catarinense,Urubici,IGR/região turística,https://www.visiteaserrasc.com.br/; https://www.amures.org.br/municipios; https://www.lages.sc.gov.br/noticia-descricao/6950/lages-sedia-o-1-encontro-da-instancia-de-governanca-regional-da-serra-catarinense,Composição convergente: 18; Portaria de 2016 listava 12 e mapa de 2017 ampliou para 18.
Serra Catarinense,Urupema,IGR/região turística,https://www.visiteaserrasc.com.br/; https://www.amures.org.br/municipios; https://www.lages.sc.gov.br/noticia-descricao/6950/lages-sedia-o-1-encontro-da-instancia-de-governanca-regional-da-serra-catarinense,Composição convergente: 18; Portaria de 2016 listava 12 e mapa de 2017 ampliou para 18.
Vale das Águas,Águas de Chapecó,IGR/região turística,https://palmitos.sc.gov.br/palmitos-sera-sede-do-forum-do-turismo-vale-das-aguas-em-2026/; https://www.rcnonline.com.br/eventos/2026/05/2519347-4-forum-de-turismo-vale-das-aguas-fortalece-turismo-regional-com-apoio-do-sebrae-sc.html; https://mondai.sc.gov.br/noticia-579276/,Lista nominal institucional mais recente encontrada: 28; fontes anteriores listam 27 e incluem Iraceminha.
Vale das Águas,Águas Frias,IGR/região turística,https://palmitos.sc.gov.br/palmitos-sera-sede-do-forum-do-turismo-vale-das-aguas-em-2026/; https://www.rcnonline.com.br/eventos/2026/05/2519347-4-forum-de-turismo-vale-das-aguas-fortalece-turismo-regional-com-apoio-do-sebrae-sc.html; https://mondai.sc.gov.br/noticia-579276/,Lista nominal institucional mais recente encontrada: 28; fontes anteriores listam 27 e incluem Iraceminha.
Vale das Águas,Caibi,IGR/região turística,https://palmitos.sc.gov.br/palmitos-sera-sede-do-forum-do-turismo-vale-das-aguas-em-2026/; https://www.rcnonline.com.br/eventos/2026/05/2519347-4-forum-de-turismo-vale-das-aguas-fortalece-turismo-regional-com-apoio-do-sebrae-sc.html; https://mondai.sc.gov.br/noticia-579276/,Lista nominal institucional mais recente encontrada: 28; fontes anteriores listam 27 e incluem Iraceminha.
Vale das Águas,Caxambu do Sul,IGR/região turística,https://palmitos.sc.gov.br/palmitos-sera-sede-do-forum-do-turismo-vale-das-aguas-em-2026/; https://www.rcnonline.com.br/eventos/2026/05/2519347-4-forum-de-turismo-vale-das-aguas-fortalece-turismo-regional-com-apoio-do-sebrae-sc.html; https://mondai.sc.gov.br/noticia-579276/,Lista nominal institucional mais recente encontrada: 28; fontes anteriores listam 27 e incluem Iraceminha.
Vale das Águas,Cunha Porã,IGR/região turística,https://palmitos.sc.gov.br/palmitos-sera-sede-do-forum-do-turismo-vale-das-aguas-em-2026/; https://www.rcnonline.com.br/eventos/2026/05/2519347-4-forum-de-turismo-vale-das-aguas-fortalece-turismo-regional-com-apoio-do-sebrae-sc.html; https://mondai.sc.gov.br/noticia-579276/,Lista nominal institucional mais recente encontrada: 28; fontes anteriores listam 27 e incluem Iraceminha.
Vale das Águas,Cunhataí,IGR/região turística,https://palmitos.sc.gov.br/palmitos-sera-sede-do-forum-do-turismo-vale-das-aguas-em-2026/; https://www.rcnonline.com.br/eventos/2026/05/2519347-4-forum-de-turismo-vale-das-aguas-fortalece-turismo-regional-com-apoio-do-sebrae-sc.html; https://mondai.sc.gov.br/noticia-579276/,Lista nominal institucional mais recente encontrada: 28; fontes anteriores listam 27 e incluem Iraceminha.
Vale das Águas,Flor do Sertão,IGR/região turística,https://palmitos.sc.gov.br/palmitos-sera-sede-do-forum-do-turismo-vale-das-aguas-em-2026/; https://www.rcnonline.com.br/eventos/2026/05/2519347-4-forum-de-turismo-vale-das-aguas-fortalece-turismo-regional-com-apoio-do-sebrae-sc.html; https://mondai.sc.gov.br/noticia-579276/,Lista nominal institucional mais recente encontrada: 28; fontes anteriores listam 27 e incluem Iraceminha.
Vale das Águas,Formosa do Sul,IGR/região turística,https://palmitos.sc.gov.br/palmitos-sera-sede-do-forum-do-turismo-vale-das-aguas-em-2026/; https://www.rcnonline.com.br/eventos/2026/05/2519347-4-forum-de-turismo-vale-das-aguas-fortalece-turismo-regional-com-apoio-do-sebrae-sc.html; https://mondai.sc.gov.br/noticia-579276/,Lista nominal institucional mais recente encontrada: 28; fontes anteriores listam 27 e incluem Iraceminha.
Vale das Águas,Irati,IGR/região turística,https://palmitos.sc.gov.br/palmitos-sera-sede-do-forum-do-turismo-vale-das-aguas-em-2026/; https://www.rcnonline.com.br/eventos/2026/05/2519347-4-forum-de-turismo-vale-das-aguas-fortalece-turismo-regional-com-apoio-do-sebrae-sc.html; https://mondai.sc.gov.br/noticia-579276/,Lista nominal institucional mais recente encontrada: 28; fontes anteriores listam 27 e incluem Iraceminha.
Vale das Águas,Jardinópolis,IGR/região turística,https://palmitos.sc.gov.br/palmitos-sera-sede-do-forum-do-turismo-vale-das-aguas-em-2026/; https://www.rcnonline.com.br/eventos/2026/05/2519347-4-forum-de-turismo-vale-das-aguas-fortalece-turismo-regional-com-apoio-do-sebrae-sc.html; https://mondai.sc.gov.br/noticia-579276/,Lista nominal institucional mais recente encontrada: 28; fontes anteriores listam 27 e incluem Iraceminha.
Vale das Águas,Maravilha,IGR/região turística,https://palmitos.sc.gov.br/palmitos-sera-sede-do-forum-do-turismo-vale-das-aguas-em-2026/; https://www.rcnonline.com.br/eventos/2026/05/2519347-4-forum-de-turismo-vale-das-aguas-fortalece-turismo-regional-com-apoio-do-sebrae-sc.html; https://mondai.sc.gov.br/noticia-579276/,Lista nominal institucional mais recente encontrada: 28; fontes anteriores listam 27 e incluem Iraceminha.
Vale das Águas,Mondaí,IGR/região turística,https://palmitos.sc.gov.br/palmitos-sera-sede-do-forum-do-turismo-vale-das-aguas-em-2026/; https://www.rcnonline.com.br/eventos/2026/05/2519347-4-forum-de-turismo-vale-das-aguas-fortalece-turismo-regional-com-apoio-do-sebrae-sc.html; https://mondai.sc.gov.br/noticia-579276/,Lista nominal institucional mais recente encontrada: 28; fontes anteriores listam 27 e incluem Iraceminha.
Vale das Águas,Modelo,IGR/região turística,https://palmitos.sc.gov.br/palmitos-sera-sede-do-forum-do-turismo-vale-das-aguas-em-2026/; https://www.rcnonline.com.br/eventos/2026/05/2519347-4-forum-de-turismo-vale-das-aguas-fortalece-turismo-regional-com-apoio-do-sebrae-sc.html; https://mondai.sc.gov.br/noticia-579276/,Lista nominal institucional mais recente encontrada: 28; fontes anteriores listam 27 e incluem Iraceminha.
Vale das Águas,Nova Erechim,IGR/região turística,https://palmitos.sc.gov.br/palmitos-sera-sede-do-forum-do-turismo-vale-das-aguas-em-2026/; https://www.rcnonline.com.br/eventos/2026/05/2519347-4-forum-de-turismo-vale-das-aguas-fortalece-turismo-regional-com-apoio-do-sebrae-sc.html; https://mondai.sc.gov.br/noticia-579276/,Lista nominal institucional mais recente encontrada: 28; fontes anteriores listam 27 e incluem Iraceminha.
Vale das Águas,Nova Itaberaba,IGR/região turística,https://palmitos.sc.gov.br/palmitos-sera-sede-do-forum-do-turismo-vale-das-aguas-em-2026/; https://www.rcnonline.com.br/eventos/2026/05/2519347-4-forum-de-turismo-vale-das-aguas-fortalece-turismo-regional-com-apoio-do-sebrae-sc.html; https://mondai.sc.gov.br/noticia-579276/,Lista nominal institucional mais recente encontrada: 28; fontes anteriores listam 27 e incluem Iraceminha.
Vale das Águas,Palmitos,IGR/região turística,https://palmitos.sc.gov.br/palmitos-sera-sede-do-forum-do-turismo-vale-das-aguas-em-2026/; https://www.rcnonline.com.br/eventos/2026/05/2519347-4-forum-de-turismo-vale-das-aguas-fortalece-turismo-regional-com-apoio-do-sebrae-sc.html; https://mondai.sc.gov.br/noticia-579276/,Lista nominal institucional mais recente encontrada: 28; fontes anteriores listam 27 e incluem Iraceminha.
Vale das Águas,Pinhalzinho,IGR/região turística,https://palmitos.sc.gov.br/palmitos-sera-sede-do-forum-do-turismo-vale-das-aguas-em-2026/; https://www.rcnonline.com.br/eventos/2026/05/2519347-4-forum-de-turismo-vale-das-aguas-fortalece-turismo-regional-com-apoio-do-sebrae-sc.html; https://mondai.sc.gov.br/noticia-579276/,Lista nominal institucional mais recente encontrada: 28; fontes anteriores listam 27 e incluem Iraceminha.
Vale das Águas,Planalto Alegre,IGR/região turística,https://palmitos.sc.gov.br/palmitos-sera-sede-do-forum-do-turismo-vale-das-aguas-em-2026/; https://www.rcnonline.com.br/eventos/2026/05/2519347-4-forum-de-turismo-vale-das-aguas-fortalece-turismo-regional-com-apoio-do-sebrae-sc.html; https://mondai.sc.gov.br/noticia-579276/,Lista nominal institucional mais recente encontrada: 28; fontes anteriores listam 27 e incluem Iraceminha.
Vale das Águas,Quilombo,IGR/região turística,https://palmitos.sc.gov.br/palmitos-sera-sede-do-forum-do-turismo-vale-das-aguas-em-2026/; https://www.rcnonline.com.br/eventos/2026/05/2519347-4-forum-de-turismo-vale-das-aguas-fortalece-turismo-regional-com-apoio-do-sebrae-sc.html; https://mondai.sc.gov.br/noticia-579276/,Lista nominal institucional mais recente encontrada: 28; fontes anteriores listam 27 e incluem Iraceminha.
Vale das Águas,Riqueza,IGR/região turística,https://palmitos.sc.gov.br/palmitos-sera-sede-do-forum-do-turismo-vale-das-aguas-em-2026/; https://www.rcnonline.com.br/eventos/2026/05/2519347-4-forum-de-turismo-vale-das-aguas-fortalece-turismo-regional-com-apoio-do-sebrae-sc.html; https://mondai.sc.gov.br/noticia-579276/,Lista nominal institucional mais recente encontrada: 28; fontes anteriores listam 27 e incluem Iraceminha.
Vale das Águas,Romelândia,IGR/região turística,https://palmitos.sc.gov.br/palmitos-sera-sede-do-forum-do-turismo-vale-das-aguas-em-2026/; https://www.rcnonline.com.br/eventos/2026/05/2519347-4-forum-de-turismo-vale-das-aguas-fortalece-turismo-regional-com-apoio-do-sebrae-sc.html; https://mondai.sc.gov.br/noticia-579276/,Lista nominal institucional mais recente encontrada: 28; fontes anteriores listam 27 e incluem Iraceminha.
Vale das Águas,Santiago do Sul,IGR/região turística,https://palmitos.sc.gov.br/palmitos-sera-sede-do-forum-do-turismo-vale-das-aguas-em-2026/; https://www.rcnonline.com.br/eventos/2026/05/2519347-4-forum-de-turismo-vale-das-aguas-fortalece-turismo-regional-com-apoio-do-sebrae-sc.html; https://mondai.sc.gov.br/noticia-579276/,Lista nominal institucional mais recente encontrada: 28; fontes anteriores listam 27 e incluem Iraceminha.
Vale das Águas,Saudades,IGR/região turística,https://palmitos.sc.gov.br/palmitos-sera-sede-do-forum-do-turismo-vale-das-aguas-em-2026/; https://www.rcnonline.com.br/eventos/2026/05/2519347-4-forum-de-turismo-vale-das-aguas-fortalece-turismo-regional-com-apoio-do-sebrae-sc.html; https://mondai.sc.gov.br/noticia-579276/,Lista nominal institucional mais recente encontrada: 28; fontes anteriores listam 27 e incluem Iraceminha.
Vale das Águas,São Carlos,IGR/região turística,https://palmitos.sc.gov.br/palmitos-sera-sede-do-forum-do-turismo-vale-das-aguas-em-2026/; https://www.rcnonline.com.br/eventos/2026/05/2519347-4-forum-de-turismo-vale-das-aguas-fortalece-turismo-regional-com-apoio-do-sebrae-sc.html; https://mondai.sc.gov.br/noticia-579276/,Lista nominal institucional mais recente encontrada: 28; fontes anteriores listam 27 e incluem Iraceminha.
Vale das Águas,São João do Oeste,IGR/região turística,https://palmitos.sc.gov.br/palmitos-sera-sede-do-forum-do-turismo-vale-das-aguas-em-2026/; https://www.rcnonline.com.br/eventos/2026/05/2519347-4-forum-de-turismo-vale-das-aguas-fortalece-turismo-regional-com-apoio-do-sebrae-sc.html; https://mondai.sc.gov.br/noticia-579276/,Lista nominal institucional mais recente encontrada: 28; fontes anteriores listam 27 e incluem Iraceminha.
Vale das Águas,Serra Alta,IGR/região turística,https://palmitos.sc.gov.br/palmitos-sera-sede-do-forum-do-turismo-vale-das-aguas-em-2026/; https://www.rcnonline.com.br/eventos/2026/05/2519347-4-forum-de-turismo-vale-das-aguas-fortalece-turismo-regional-com-apoio-do-sebrae-sc.html; https://mondai.sc.gov.br/noticia-579276/,Lista nominal institucional mais recente encontrada: 28; fontes anteriores listam 27 e incluem Iraceminha.
Vale das Águas,Sul Brasil,IGR/região turística,https://palmitos.sc.gov.br/palmitos-sera-sede-do-forum-do-turismo-vale-das-aguas-em-2026/; https://www.rcnonline.com.br/eventos/2026/05/2519347-4-forum-de-turismo-vale-das-aguas-fortalece-turismo-regional-com-apoio-do-sebrae-sc.html; https://mondai.sc.gov.br/noticia-579276/,Lista nominal institucional mais recente encontrada: 28; fontes anteriores listam 27 e incluem Iraceminha.
Vale das Águas,União do Oeste,IGR/região turística,https://palmitos.sc.gov.br/palmitos-sera-sede-do-forum-do-turismo-vale-das-aguas-em-2026/; https://www.rcnonline.com.br/eventos/2026/05/2519347-4-forum-de-turismo-vale-das-aguas-fortalece-turismo-regional-com-apoio-do-sebrae-sc.html; https://mondai.sc.gov.br/noticia-579276/,Lista nominal institucional mais recente encontrada: 28; fontes anteriores listam 27 e incluem Iraceminha.
Vale dos Imigrantes,Abdon Batista,IGR/região turística,https://www.facebook.com/valedosimigrantes/; https://www.alesc.sc.gov.br/diarios/pdf/8929diaicp.pdf; https://abrajetnacional.com.br/turismo-em-pauta-fraiburgo-sedia-i-forum-de-turismo-do-vale-dos-imigrantes/,"Lista nominal pública mais recente encontrada: 35 municípios. Há notícia de 2026 mencionando 36, sem divulgar o 36º município."
Vale dos Imigrantes,Água Doce,IGR/região turística,https://www.facebook.com/valedosimigrantes/; https://www.alesc.sc.gov.br/diarios/pdf/8929diaicp.pdf; https://abrajetnacional.com.br/turismo-em-pauta-fraiburgo-sedia-i-forum-de-turismo-do-vale-dos-imigrantes/,"Lista nominal pública mais recente encontrada: 35 municípios. Há notícia de 2026 mencionando 36, sem divulgar o 36º município."
Vale dos Imigrantes,Arroio Trinta,IGR/região turística,https://www.facebook.com/valedosimigrantes/; https://www.alesc.sc.gov.br/diarios/pdf/8929diaicp.pdf; https://abrajetnacional.com.br/turismo-em-pauta-fraiburgo-sedia-i-forum-de-turismo-do-vale-dos-imigrantes/,"Lista nominal pública mais recente encontrada: 35 municípios. Há notícia de 2026 mencionando 36, sem divulgar o 36º município."
Vale dos Imigrantes,Brunópolis,IGR/região turística,https://www.facebook.com/valedosimigrantes/; https://www.alesc.sc.gov.br/diarios/pdf/8929diaicp.pdf; https://abrajetnacional.com.br/turismo-em-pauta-fraiburgo-sedia-i-forum-de-turismo-do-vale-dos-imigrantes/,"Lista nominal pública mais recente encontrada: 35 municípios. Há notícia de 2026 mencionando 36, sem divulgar o 36º município."
Vale dos Imigrantes,Campos Novos,IGR/região turística,https://www.facebook.com/valedosimigrantes/; https://www.alesc.sc.gov.br/diarios/pdf/8929diaicp.pdf; https://abrajetnacional.com.br/turismo-em-pauta-fraiburgo-sedia-i-forum-de-turismo-do-vale-dos-imigrantes/,"Lista nominal pública mais recente encontrada: 35 municípios. Há notícia de 2026 mencionando 36, sem divulgar o 36º município."
Vale dos Imigrantes,Capinzal,IGR/região turística,https://www.facebook.com/valedosimigrantes/; https://www.alesc.sc.gov.br/diarios/pdf/8929diaicp.pdf; https://abrajetnacional.com.br/turismo-em-pauta-fraiburgo-sedia-i-forum-de-turismo-do-vale-dos-imigrantes/,"Lista nominal pública mais recente encontrada: 35 municípios. Há notícia de 2026 mencionando 36, sem divulgar o 36º município."
Vale dos Imigrantes,Catanduvas,IGR/região turística,https://www.facebook.com/valedosimigrantes/; https://www.alesc.sc.gov.br/diarios/pdf/8929diaicp.pdf; https://abrajetnacional.com.br/turismo-em-pauta-fraiburgo-sedia-i-forum-de-turismo-do-vale-dos-imigrantes/,"Lista nominal pública mais recente encontrada: 35 municípios. Há notícia de 2026 mencionando 36, sem divulgar o 36º município."
Vale dos Imigrantes,Celso Ramos,IGR/região turística,https://www.facebook.com/valedosimigrantes/; https://www.alesc.sc.gov.br/diarios/pdf/8929diaicp.pdf; https://abrajetnacional.com.br/turismo-em-pauta-fraiburgo-sedia-i-forum-de-turismo-do-vale-dos-imigrantes/,"Lista nominal pública mais recente encontrada: 35 municípios. Há notícia de 2026 mencionando 36, sem divulgar o 36º município."
Vale dos Imigrantes,Curitibanos,IGR/região turística,https://www.facebook.com/valedosimigrantes/; https://www.alesc.sc.gov.br/diarios/pdf/8929diaicp.pdf; https://abrajetnacional.com.br/turismo-em-pauta-fraiburgo-sedia-i-forum-de-turismo-do-vale-dos-imigrantes/,"Lista nominal pública mais recente encontrada: 35 municípios. Há notícia de 2026 mencionando 36, sem divulgar o 36º município."
Vale dos Imigrantes,Erval Velho,IGR/região turística,https://www.facebook.com/valedosimigrantes/; https://www.alesc.sc.gov.br/diarios/pdf/8929diaicp.pdf; https://abrajetnacional.com.br/turismo-em-pauta-fraiburgo-sedia-i-forum-de-turismo-do-vale-dos-imigrantes/,"Lista nominal pública mais recente encontrada: 35 municípios. Há notícia de 2026 mencionando 36, sem divulgar o 36º município."
Vale dos Imigrantes,Fraiburgo,IGR/região turística,https://www.facebook.com/valedosimigrantes/; https://www.alesc.sc.gov.br/diarios/pdf/8929diaicp.pdf; https://abrajetnacional.com.br/turismo-em-pauta-fraiburgo-sedia-i-forum-de-turismo-do-vale-dos-imigrantes/,"Lista nominal pública mais recente encontrada: 35 municípios. Há notícia de 2026 mencionando 36, sem divulgar o 36º município."
Vale dos Imigrantes,Frei Rogério,IGR/região turística,https://www.facebook.com/valedosimigrantes/; https://www.alesc.sc.gov.br/diarios/pdf/8929diaicp.pdf; https://abrajetnacional.com.br/turismo-em-pauta-fraiburgo-sedia-i-forum-de-turismo-do-vale-dos-imigrantes/,"Lista nominal pública mais recente encontrada: 35 municípios. Há notícia de 2026 mencionando 36, sem divulgar o 36º município."
Vale dos Imigrantes,Herval d’Oeste,IGR/região turística,https://www.facebook.com/valedosimigrantes/; https://www.alesc.sc.gov.br/diarios/pdf/8929diaicp.pdf; https://abrajetnacional.com.br/turismo-em-pauta-fraiburgo-sedia-i-forum-de-turismo-do-vale-dos-imigrantes/,"Lista nominal pública mais recente encontrada: 35 municípios. Há notícia de 2026 mencionando 36, sem divulgar o 36º município."
Vale dos Imigrantes,Ibiam,IGR/região turística,https://www.facebook.com/valedosimigrantes/; https://www.alesc.sc.gov.br/diarios/pdf/8929diaicp.pdf; https://abrajetnacional.com.br/turismo-em-pauta-fraiburgo-sedia-i-forum-de-turismo-do-vale-dos-imigrantes/,"Lista nominal pública mais recente encontrada: 35 municípios. Há notícia de 2026 mencionando 36, sem divulgar o 36º município."
Vale dos Imigrantes,Ibicaré,IGR/região turística,https://www.facebook.com/valedosimigrantes/; https://www.alesc.sc.gov.br/diarios/pdf/8929diaicp.pdf; https://abrajetnacional.com.br/turismo-em-pauta-fraiburgo-sedia-i-forum-de-turismo-do-vale-dos-imigrantes/,"Lista nominal pública mais recente encontrada: 35 municípios. Há notícia de 2026 mencionando 36, sem divulgar o 36º município."
Vale dos Imigrantes,Iomerê,IGR/região turística,https://www.facebook.com/valedosimigrantes/; https://www.alesc.sc.gov.br/diarios/pdf/8929diaicp.pdf; https://abrajetnacional.com.br/turismo-em-pauta-fraiburgo-sedia-i-forum-de-turismo-do-vale-dos-imigrantes/,"Lista nominal pública mais recente encontrada: 35 municípios. Há notícia de 2026 mencionando 36, sem divulgar o 36º município."
Grande Oeste,Ipumirim,IGR/região turística,https://www.facebook.com/valedosimigrantes/; https://www.alesc.sc.gov.br/diarios/pdf/8929diaicp.pdf; https://abrajetnacional.com.br/turismo-em-pauta-fraiburgo-sedia-i-forum-de-turismo-do-vale-dos-imigrantes/,"Lista nominal pública mais recente encontrada: 35 municípios. Há notícia de 2026 mencionando 36, sem divulgar o 36º município."
Vale dos Imigrantes,Joaçaba,IGR/região turística,https://www.facebook.com/valedosimigrantes/; https://www.alesc.sc.gov.br/diarios/pdf/8929diaicp.pdf; https://abrajetnacional.com.br/turismo-em-pauta-fraiburgo-sedia-i-forum-de-turismo-do-vale-dos-imigrantes/,"Lista nominal pública mais recente encontrada: 35 municípios. Há notícia de 2026 mencionando 36, sem divulgar o 36º município."
Vale dos Imigrantes,Lacerdópolis,IGR/região turística,https://www.facebook.com/valedosimigrantes/; https://www.alesc.sc.gov.br/diarios/pdf/8929diaicp.pdf; https://abrajetnacional.com.br/turismo-em-pauta-fraiburgo-sedia-i-forum-de-turismo-do-vale-dos-imigrantes/,"Lista nominal pública mais recente encontrada: 35 municípios. Há notícia de 2026 mencionando 36, sem divulgar o 36º município."
Vale dos Imigrantes,Lebon Régis,IGR/região turística,https://www.facebook.com/valedosimigrantes/; https://www.alesc.sc.gov.br/diarios/pdf/8929diaicp.pdf; https://abrajetnacional.com.br/turismo-em-pauta-fraiburgo-sedia-i-forum-de-turismo-do-vale-dos-imigrantes/,"Lista nominal pública mais recente encontrada: 35 municípios. Há notícia de 2026 mencionando 36, sem divulgar o 36º município."
Vale dos Imigrantes,Luzerna,IGR/região turística,https://www.facebook.com/valedosimigrantes/; https://www.alesc.sc.gov.br/diarios/pdf/8929diaicp.pdf; https://abrajetnacional.com.br/turismo-em-pauta-fraiburgo-sedia-i-forum-de-turismo-do-vale-dos-imigrantes/,"Lista nominal pública mais recente encontrada: 35 municípios. Há notícia de 2026 mencionando 36, sem divulgar o 36º município."
Vale dos Imigrantes,Macieira,IGR/região turística,https://www.facebook.com/valedosimigrantes/; https://www.alesc.sc.gov.br/diarios/pdf/8929diaicp.pdf; https://abrajetnacional.com.br/turismo-em-pauta-fraiburgo-sedia-i-forum-de-turismo-do-vale-dos-imigrantes/,"Lista nominal pública mais recente encontrada: 35 municípios. Há notícia de 2026 mencionando 36, sem divulgar o 36º município."
Vale dos Imigrantes,Monte Carlo,IGR/região turística,https://www.facebook.com/valedosimigrantes/; https://www.alesc.sc.gov.br/diarios/pdf/8929diaicp.pdf; https://abrajetnacional.com.br/turismo-em-pauta-fraiburgo-sedia-i-forum-de-turismo-do-vale-dos-imigrantes/,"Lista nominal pública mais recente encontrada: 35 municípios. Há notícia de 2026 mencionando 36, sem divulgar o 36º município."
Vale dos Imigrantes,Ouro,IGR/região turística,https://www.facebook.com/valedosimigrantes/; https://www.alesc.sc.gov.br/diarios/pdf/8929diaicp.pdf; https://abrajetnacional.com.br/turismo-em-pauta-fraiburgo-sedia-i-forum-de-turismo-do-vale-dos-imigrantes/,"Lista nominal pública mais recente encontrada: 35 municípios. Há notícia de 2026 mencionando 36, sem divulgar o 36º município."
Vale dos Imigrantes,Pinheiro Preto,IGR/região turística,https://www.facebook.com/valedosimigrantes/; https://www.alesc.sc.gov.br/diarios/pdf/8929diaicp.pdf; https://abrajetnacional.com.br/turismo-em-pauta-fraiburgo-sedia-i-forum-de-turismo-do-vale-dos-imigrantes/,"Lista nominal pública mais recente encontrada: 35 municípios. Há notícia de 2026 mencionando 36, sem divulgar o 36º município."
Vale dos Imigrantes,Rio das Antas,IGR/região turística,https://www.facebook.com/valedosimigrantes/; https://www.alesc.sc.gov.br/diarios/pdf/8929diaicp.pdf; https://abrajetnacional.com.br/turismo-em-pauta-fraiburgo-sedia-i-forum-de-turismo-do-vale-dos-imigrantes/,"Lista nominal pública mais recente encontrada: 35 municípios. Há notícia de 2026 mencionando 36, sem divulgar o 36º município."
Vale dos Imigrantes,Salto Veloso,IGR/região turística,https://www.facebook.com/valedosimigrantes/; https://www.alesc.sc.gov.br/diarios/pdf/8929diaicp.pdf; https://abrajetnacional.com.br/turismo-em-pauta-fraiburgo-sedia-i-forum-de-turismo-do-vale-dos-imigrantes/,"Lista nominal pública mais recente encontrada: 35 municípios. Há notícia de 2026 mencionando 36, sem divulgar o 36º município."
Vale dos Imigrantes,Santa Cecília,IGR/região turística,https://www.facebook.com/valedosimigrantes/; https://www.alesc.sc.gov.br/diarios/pdf/8929diaicp.pdf; https://abrajetnacional.com.br/turismo-em-pauta-fraiburgo-sedia-i-forum-de-turismo-do-vale-dos-imigrantes/,"Lista nominal pública mais recente encontrada: 35 municípios. Há notícia de 2026 mencionando 36, sem divulgar o 36º município."
Vale dos Imigrantes,Tangará ,IGR/região turística,https://www.facebook.com/valedosimigrantes/; https://www.alesc.sc.gov.br/diarios/pdf/8929diaicp.pdf; https://abrajetnacional.com.br/turismo-em-pauta-fraiburgo-sedia-i-forum-de-turismo-do-vale-dos-imigrantes/,"Lista nominal pública mais recente encontrada: 35 municípios. Há notícia de 2026 mencionando 36, sem divulgar o 36º município."
Vale dos Imigrantes,Timbó Grande,IGR/região turística,https://www.facebook.com/valedosimigrantes/; https://www.alesc.sc.gov.br/diarios/pdf/8929diaicp.pdf; https://abrajetnacional.com.br/turismo-em-pauta-fraiburgo-sedia-i-forum-de-turismo-do-vale-dos-imigrantes/,"Lista nominal pública mais recente encontrada: 35 municípios. Há notícia de 2026 mencionando 36, sem divulgar o 36º município."
Vale dos Imigrantes,Treze Tílias,IGR/região turística,https://www.facebook.com/valedosimigrantes/; https://www.alesc.sc.gov.br/diarios/pdf/8929diaicp.pdf; https://abrajetnacional.com.br/turismo-em-pauta-fraiburgo-sedia-i-forum-de-turismo-do-vale-dos-imigrantes/,"Lista nominal pública mais recente encontrada: 35 municípios. Há notícia de 2026 mencionando 36, sem divulgar o 36º município."
Vale dos Imigrantes,Vargem,IGR/região turística,https://www.facebook.com/valedosimigrantes/; https://www.alesc.sc.gov.br/diarios/pdf/8929diaicp.pdf; https://abrajetnacional.com.br/turismo-em-pauta-fraiburgo-sedia-i-forum-de-turismo-do-vale-dos-imigrantes/,"Lista nominal pública mais recente encontrada: 35 municípios. Há notícia de 2026 mencionando 36, sem divulgar o 36º município."
Vale dos Imigrantes,Vargem Bonita,IGR/região turística,https://www.facebook.com/valedosimigrantes/; https://www.alesc.sc.gov.br/diarios/pdf/8929diaicp.pdf; https://abrajetnacional.com.br/turismo-em-pauta-fraiburgo-sedia-i-forum-de-turismo-do-vale-dos-imigrantes/,"Lista nominal pública mais recente encontrada: 35 municípios. Há notícia de 2026 mencionando 36, sem divulgar o 36º município."
Vale dos Imigrantes,Videira,IGR/região turística,https://www.facebook.com/valedosimigrantes/; https://www.alesc.sc.gov.br/diarios/pdf/8929diaicp.pdf; https://abrajetnacional.com.br/turismo-em-pauta-fraiburgo-sedia-i-forum-de-turismo-do-vale-dos-imigrantes/,"Lista nominal pública mais recente encontrada: 35 municípios. Há notícia de 2026 mencionando 36, sem divulgar o 36º município."
Vale dos Imigrantes,Zortéa,IGR/região turística,https://www.facebook.com/valedosimigrantes/; https://www.alesc.sc.gov.br/diarios/pdf/8929diaicp.pdf; https://abrajetnacional.com.br/turismo-em-pauta-fraiburgo-sedia-i-forum-de-turismo-do-vale-dos-imigrantes/,"Lista nominal pública mais recente encontrada: 35 municípios. Há notícia de 2026 mencionando 36, sem divulgar o 36º município."
Vale do Contestado,histórica/desmembrada,https://mafra.sc.gov.br/noticia-589371/; https://g1.globo.com/sc/santa-catarina/noticia/2019/08/27/vale-dos-imigrantes-e-reconhecido-como-13a-regiao-turistica-de-santa-catarina.ghtml; https://anais.uel.br/portal/index.php/turismorural/article/download/1486/1387,"Não é uma IGR vigente identificada nas fontes atuais. A antiga Região Turística Vale do Contestado foi desmembrada em Caminhos do Contestado e Vale dos Imigrantes; por isso, não há municípios atuais a atribuir a esta denominação sem duplicar outras IGRs."
Vale Europeu,Apiúna,IGR/região turística,https://www.gov.br/turismo/pt-br/acesso-a-informacao/acoes-e-programas/programas-projetos-acoes-obras-e-atividades/programa-de-regionalizacao-do-turismo-2/reunioes/1o-seminario-nacional-do-prt-integrado/9-4-4-vale-europeu.pdf; https://valeeuropeucatarinense.com.br/; https://cimvi.sc.gov.br/vale-europeu-inicia-nova-fase-com-fortalecimento-da-governanca-e-foco-no-desenvolvimento-turistico/,"Fontes recentes mencionam 20 cidades, mas o roster nominal mais amplo foi reconstruído a partir das fontes disponíveis; o Mapa do Turismo retorna subconjunto de 12."
Vale Europeu,Ascurra,IGR/região turística,https://www.gov.br/turismo/pt-br/acesso-a-informacao/acoes-e-programas/programas-projetos-acoes-obras-e-atividades/programa-de-regionalizacao-do-turismo-2/reunioes/1o-seminario-nacional-do-prt-integrado/9-4-4-vale-europeu.pdf; https://valeeuropeucatarinense.com.br/; https://cimvi.sc.gov.br/vale-europeu-inicia-nova-fase-com-fortalecimento-da-governanca-e-foco-no-desenvolvimento-turistico/,"Fontes recentes mencionam 20 cidades, mas o roster nominal mais amplo foi reconstruído a partir das fontes disponíveis; o Mapa do Turismo retorna subconjunto de 12."
Vale Europeu,Benedito Novo,IGR/região turística,https://www.gov.br/turismo/pt-br/acesso-a-informacao/acoes-e-programas/programas-projetos-acoes-obras-e-atividades/programa-de-regionalizacao-do-turismo-2/reunioes/1o-seminario-nacional-do-prt-integrado/9-4-4-vale-europeu.pdf; https://valeeuropeucatarinense.com.br/; https://cimvi.sc.gov.br/vale-europeu-inicia-nova-fase-com-fortalecimento-da-governanca-e-foco-no-desenvolvimento-turistico/,"Fontes recentes mencionam 20 cidades, mas o roster nominal mais amplo foi reconstruído a partir das fontes disponíveis; o Mapa do Turismo retorna subconjunto de 12."
Vale Europeu,Blumenau,IGR/região turística,https://www.gov.br/turismo/pt-br/acesso-a-informacao/acoes-e-programas/programas-projetos-acoes-obras-e-atividades/programa-de-regionalizacao-do-turismo-2/reunioes/1o-seminario-nacional-do-prt-integrado/9-4-4-vale-europeu.pdf; https://valeeuropeucatarinense.com.br/; https://cimvi.sc.gov.br/vale-europeu-inicia-nova-fase-com-fortalecimento-da-governanca-e-foco-no-desenvolvimento-turistico/,"Fontes recentes mencionam 20 cidades, mas o roster nominal mais amplo foi reconstruído a partir das fontes disponíveis; o Mapa do Turismo retorna subconjunto de 12."
Vale Europeu,Botuverá,IGR/região turística,https://www.gov.br/turismo/pt-br/acesso-a-informacao/acoes-e-programas/programas-projetos-acoes-obras-e-atividades/programa-de-regionalizacao-do-turismo-2/reunioes/1o-seminario-nacional-do-prt-integrado/9-4-4-vale-europeu.pdf; https://valeeuropeucatarinense.com.br/; https://cimvi.sc.gov.br/vale-europeu-inicia-nova-fase-com-fortalecimento-da-governanca-e-foco-no-desenvolvimento-turistico/,"Fontes recentes mencionam 20 cidades, mas o roster nominal mais amplo foi reconstruído a partir das fontes disponíveis; o Mapa do Turismo retorna subconjunto de 12."
Vale Europeu,Brusque,IGR/região turística,https://www.gov.br/turismo/pt-br/acesso-a-informacao/acoes-e-programas/programas-projetos-acoes-obras-e-atividades/programa-de-regionalizacao-do-turismo-2/reunioes/1o-seminario-nacional-do-prt-integrado/9-4-4-vale-europeu.pdf; https://valeeuropeucatarinense.com.br/; https://cimvi.sc.gov.br/vale-europeu-inicia-nova-fase-com-fortalecimento-da-governanca-e-foco-no-desenvolvimento-turistico/,"Fontes recentes mencionam 20 cidades, mas o roster nominal mais amplo foi reconstruído a partir das fontes disponíveis; o Mapa do Turismo retorna subconjunto de 12."
Vale Europeu,Canelinha,IGR/região turística,https://www.gov.br/turismo/pt-br/acesso-a-informacao/acoes-e-programas/programas-projetos-acoes-obras-e-atividades/programa-de-regionalizacao-do-turismo-2/reunioes/1o-seminario-nacional-do-prt-integrado/9-4-4-vale-europeu.pdf; https://valeeuropeucatarinense.com.br/; https://cimvi.sc.gov.br/vale-europeu-inicia-nova-fase-com-fortalecimento-da-governanca-e-foco-no-desenvolvimento-turistico/,"Fontes recentes mencionam 20 cidades, mas o roster nominal mais amplo foi reconstruído a partir das fontes disponíveis; o Mapa do Turismo retorna subconjunto de 12."
Vale dos Encantos,Corupá ,IGR/região turística,Adicionado manualmente,Correção de mapeamento para municípios ausentes do CSV original
Vale dos Encantos,Schroeder,IGR/região turística,Adicionado manualmente,Correção de mapeamento para municípios ausentes do CSV original
Vale dos Encantos,Jaraguá do Sul,IGR/região turística,Adicionado manualmente,Correção de mapeamento para municípios ausentes do CSV original
Vale dos Encantos,Massaranduba,IGR/região turística,Adicionado manualmente,Correção de mapeamento para municípios ausentes do CSV original
Vale Europeu,Doutor Pedrinho,IGR/região turística,https://www.gov.br/turismo/pt-br/acesso-a-informacao/acoes-e-programas/programas-projetos-acoes-obras-e-atividades/programa-de-regionalizacao-do-turismo-2/reunioes/1o-seminario-nacional-do-prt-integrado/9-4-4-vale-europeu.pdf; https://valeeuropeucatarinense.com.br/; https://cimvi.sc.gov.br/vale-europeu-inicia-nova-fase-com-fortalecimento-da-governanca-e-foco-no-desenvolvimento-turistico/,"Fontes recentes mencionam 20 cidades, mas o roster nominal mais amplo foi reconstruído a partir das fontes disponíveis; o Mapa do Turismo retorna subconjunto de 12."
Vale Europeu,Gaspar,IGR/região turística,https://www.gov.br/turismo/pt-br/acesso-a-informacao/acoes-e-programas/programas-projetos-acoes-obras-e-atividades/programa-de-regionalizacao-do-turismo-2/reunioes/1o-seminario-nacional-do-prt-integrado/9-4-4-vale-europeu.pdf; https://valeeuropeucatarinense.com.br/; https://cimvi.sc.gov.br/vale-europeu-inicia-nova-fase-com-fortalecimento-da-governanca-e-foco-no-desenvolvimento-turistico/,"Fontes recentes mencionam 20 cidades, mas o roster nominal mais amplo foi reconstruído a partir das fontes disponíveis; o Mapa do Turismo retorna subconjunto de 12."
Vale Europeu,Guabiruba,IGR/região turística,https://www.gov.br/turismo/pt-br/acesso-a-informacao/acoes-e-programas/programas-projetos-acoes-obras-e-atividades/programa-de-regionalizacao-do-turismo-2/reunioes/1o-seminario-nacional-do-prt-integrado/9-4-4-vale-europeu.pdf; https://valeeuropeucatarinense.com.br/; https://cimvi.sc.gov.br/vale-europeu-inicia-nova-fase-com-fortalecimento-da-governanca-e-foco-no-desenvolvimento-turistico/,"Fontes recentes mencionam 20 cidades, mas o roster nominal mais amplo foi reconstruído a partir das fontes disponíveis; o Mapa do Turismo retorna subconjunto de 12."
Vale Europeu,Indaial,IGR/região turística,https://www.gov.br/turismo/pt-br/acesso-a-informacao/acoes-e-programas/programas-projetos-acoes-obras-e-atividades/programa-de-regionalizacao-do-turismo-2/reunioes/1o-seminario-nacional-do-prt-integrado/9-4-4-vale-europeu.pdf; https://valeeuropeucatarinense.com.br/; https://cimvi.sc.gov.br/vale-europeu-inicia-nova-fase-com-fortalecimento-da-governanca-e-foco-no-desenvolvimento-turistico/,"Fontes recentes mencionam 20 cidades, mas o roster nominal mais amplo foi reconstruído a partir das fontes disponíveis; o Mapa do Turismo retorna subconjunto de 12."
Vale Europeu,Luiz Alves,IGR/região turística,https://www.gov.br/turismo/pt-br/acesso-a-informacao/acoes-e-programas/programas-projetos-acoes-obras-e-atividades/programa-de-regionalizacao-do-turismo-2/reunioes/1o-seminario-nacional-do-prt-integrado/9-4-4-vale-europeu.pdf; https://valeeuropeucatarinense.com.br/; https://cimvi.sc.gov.br/vale-europeu-inicia-nova-fase-com-fortalecimento-da-governanca-e-foco-no-desenvolvimento-turistico/,"Fontes recentes mencionam 20 cidades, mas o roster nominal mais amplo foi reconstruído a partir das fontes disponíveis; o Mapa do Turismo retorna subconjunto de 12."
Vale Europeu,Major Gercino,IGR/região turística,https://www.gov.br/turismo/pt-br/acesso-a-informacao/acoes-e-programas/programas-projetos-acoes-obras-e-atividades/programa-de-regionalizacao-do-turismo-2/reunioes/1o-seminario-nacional-do-prt-integrado/9-4-4-vale-europeu.pdf; https://valeeuropeucatarinense.com.br/; https://cimvi.sc.gov.br/vale-europeu-inicia-nova-fase-com-fortalecimento-da-governanca-e-foco-no-desenvolvimento-turistico/,"Fontes recentes mencionam 20 cidades, mas o roster nominal mais amplo foi reconstruído a partir das fontes disponíveis; o Mapa do Turismo retorna subconjunto de 12."
Vale Europeu,Nova Trento,IGR/região turística,https://www.gov.br/turismo/pt-br/acesso-a-informacao/acoes-e-programas/programas-projetos-acoes-obras-e-atividades/programa-de-regionalizacao-do-turismo-2/reunioes/1o-seminario-nacional-do-prt-integrado/9-4-4-vale-europeu.pdf; https://valeeuropeucatarinense.com.br/; https://cimvi.sc.gov.br/vale-europeu-inicia-nova-fase-com-fortalecimento-da-governanca-e-foco-no-desenvolvimento-turistico/,"Fontes recentes mencionam 20 cidades, mas o roster nominal mais amplo foi reconstruído a partir das fontes disponíveis; o Mapa do Turismo retorna subconjunto de 12."
Vale Europeu,Pomerode,IGR/região turística,https://www.gov.br/turismo/pt-br/acesso-a-informacao/acoes-e-programas/programas-projetos-acoes-obras-e-atividades/programa-de-regionalizacao-do-turismo-2/reunioes/1o-seminario-nacional-do-prt-integrado/9-4-4-vale-europeu.pdf; https://valeeuropeucatarinense.com.br/; https://cimvi.sc.gov.br/vale-europeu-inicia-nova-fase-com-fortalecimento-da-governanca-e-foco-no-desenvolvimento-turistico/,"Fontes recentes mencionam 20 cidades, mas o roster nominal mais amplo foi reconstruído a partir das fontes disponíveis; o Mapa do Turismo retorna subconjunto de 12."
Vale Europeu,Rio dos Cedros,IGR/região turística,https://www.gov.br/turismo/pt-br/acesso-a-informacao/acoes-e-programas/programas-projetos-acoes-obras-e-atividades/programa-de-regionalizacao-do-turismo-2/reunioes/1o-seminario-nacional-do-prt-integrado/9-4-4-vale-europeu.pdf; https://valeeuropeucatarinense.com.br/; https://cimvi.sc.gov.br/vale-europeu-inicia-nova-fase-com-fortalecimento-da-governanca-e-foco-no-desenvolvimento-turistico/,"Fontes recentes mencionam 20 cidades, mas o roster nominal mais amplo foi reconstruído a partir das fontes disponíveis; o Mapa do Turismo retorna subconjunto de 12."
Vale Europeu,Rodeio,IGR/região turística,https://www.gov.br/turismo/pt-br/acesso-a-informacao/acoes-e-programas/programas-projetos-acoes-obras-e-atividades/programa-de-regionalizacao-do-turismo-2/reunioes/1o-seminario-nacional-do-prt-integrado/9-4-4-vale-europeu.pdf; https://valeeuropeucatarinense.com.br/; https://cimvi.sc.gov.br/vale-europeu-inicia-nova-fase-com-fortalecimento-da-governanca-e-foco-no-desenvolvimento-turistico/,"Fontes recentes mencionam 20 cidades, mas o roster nominal mais amplo foi reconstruído a partir das fontes disponíveis; o Mapa do Turismo retorna subconjunto de 12."
Vale Europeu,São João Batista,IGR/região turística,https://www.gov.br/turismo/pt-br/acesso-a-informacao/acoes-e-programas/programas-projetos-acoes-obras-e-atividades/programa-de-regionalizacao-do-turismo-2/reunioes/1o-seminario-nacional-do-prt-integrado/9-4-4-vale-europeu.pdf; https://valeeuropeucatarinense.com.br/; https://cimvi.sc.gov.br/vale-europeu-inicia-nova-fase-com-fortalecimento-da-governanca-e-foco-no-desenvolvimento-turistico/,"Fontes recentes mencionam 20 cidades, mas o roster nominal mais amplo foi reconstruído a partir das fontes disponíveis; o Mapa do Turismo retorna subconjunto de 12."
Vale Europeu,Tijucas,IGR/região turística,https://www.gov.br/turismo/pt-br/acesso-a-informacao/acoes-e-programas/programas-projetos-acoes-obras-e-atividades/programa-de-regionalizacao-do-turismo-2/reunioes/1o-seminario-nacional-do-prt-integrado/9-4-4-vale-europeu.pdf; https://valeeuropeucatarinense.com.br/; https://cimvi.sc.gov.br/vale-europeu-inicia-nova-fase-com-fortalecimento-da-governanca-e-foco-no-desenvolvimento-turistico/,"Fontes recentes mencionam 20 cidades, mas o roster nominal mais amplo foi reconstruído a partir das fontes disponíveis; o Mapa do Turismo retorna subconjunto de 12."
Vale Europeu,Timbó,IGR/região turística,https://www.gov.br/turismo/pt-br/acesso-a-informacao/acoes-e-programas/programas-projetos-acoes-obras-e-atividades/programa-de-regionalizacao-do-turismo-2/reunioes/1o-seminario-nacional-do-prt-integrado/9-4-4-vale-europeu.pdf; https://valeeuropeucatarinense.com.br/; https://cimvi.sc.gov.br/vale-europeu-inicia-nova-fase-com-fortalecimento-da-governanca-e-foco-no-desenvolvimento-turistico/,"Fontes recentes mencionam 20 cidades, mas o roster nominal mais amplo foi reconstruído a partir das fontes disponíveis; o Mapa do Turismo retorna subconjunto de 12."
Caminhos da Fronteira,Iraceminha,IGR/região turística,Adicionado manualmente,Correção solicitada pelo usuário
Vale dos Imigrantes,São Cristóvão do Sul,IGR/região turística,Adicionado manualmente,Correção solicitada pelo usuário
Vale dos Imigrantes,Ponte Alta do Norte,IGR/região turística,Adicionado manualmente,Correção solicitada pelo usuário
Encantos do Sul,Grão Pará ,IGR/região turística,Adicionado manualmente,Correção solicitada pelo usuário
Vale dos Encantos,Barra Velha,IGR/região turística,Adicionado manualmente,Correção solicitada pelo usuário
Vale dos Encantos,São João do Itaperiú,IGR/região turística,Adicionado manualmente,Correção solicitada pelo usuário
Vale dos Encantos,Guaramirim,IGR/região turística,Adicionado manualmente,Correção solicitada pelo usuário
Grande Oeste,Guatambu,IGR/região turística,Adicionado manualmente,Correção solicitada pelo usuário
Grande Oeste,Lageado Grande,IGR/região turística,Adicionado manualmente,Correção solicitada pelo usuário
Grande Oeste,São Lourenço do Oeste,IGR/região turística,Adicionado manualmente,Correção solicitada pelo usuário
Vale dos Imigrantes,Herval d'Oeste,IGR/região turística,Adicionado manualmente,Correção solicitada pelo usuário
Vale dos Imigrantes,Treze Tilhas,IGR/região turística,Adicionado manualmente,Correção solicitada pelo usuário